127.0.0.1 - - [28/Jul/2026 10:58:16] "GET /index.html HTTP/1.1" 200 -
127.0.0.1 - - [28/Jul/2026 11:06:36] "GET /index.html HTTP/1.1" 200 -
127.0.0.1 - - [28/Jul/2026 11:17:04] "GET /assets/pizza-making.mp4 HTTP/1.1" 200 -
127.0.0.1 - - [28/Jul/2026 11:17:18] "GET /menu.html?v=20260605-2 HTTP/1.1" 200 -
----------------------------------------
Exception occurred during processing of request from ('127.0.0.1', 57626)
Traceback (most recent call last):
  File "C:\Program Files\Python314\Lib\socketserver.py", line 697, in process_request_thread
    self.finish_request(request, client_address)
    ~~~~~~~~~~~~~~~~~~~^^^^^^^^^^^^^^^^^^^^^^^^^
  File "C:\Program Files\Python314\Lib\http\server.py", line 1400, in finish_request
    self.RequestHandlerClass(request, client_address, self,
    ~~~~~~~~~~~~~~~~~~~~~~~~^^^^^^^^^^^^^^^^^^^^^^^^^^^^^^^
                             directory=args.directory)
                             ^^^^^^^^^^^^^^^^^^^^^^^^^
  File "C:\Program Files\Python314\Lib\http\server.py", line 721, in __init__
    super().__init__(*args, **kwargs)
    ~~~~~~~~~~~~~~~~^^^^^^^^^^^^^^^^^
  File "C:\Program Files\Python314\Lib\socketserver.py", line 766, in __init__
    self.handle()
    ~~~~~~~~~~~^^
  File "C:\Program Files\Python314\Lib\http\server.py", line 485, in handle
    self.handle_one_request()
    ~~~~~~~~~~~~~~~~~~~~~~~^^
  File "C:\Program Files\Python314\Lib\http\server.py", line 473, in handle_one_request
    method()
    ~~~~~~^^
  File "C:\Program Files\Python314\Lib\http\server.py", line 728, in do_GET
    self.copyfile(f, self.wfile)
    ~~~~~~~~~~~~~^^^^^^^^^^^^^^^
  File "C:\Program Files\Python314\Lib\http\server.py", line 931, in copyfile
    shutil.copyfileobj(source, outputfile)
    ~~~~~~~~~~~~~~~~~~^^^^^^^^^^^^^^^^^^^^
  File "C:\Program Files\Python314\Lib\shutil.py", line 257, in copyfileobj
    fdst_write(buf)
    ~~~~~~~~~~^^^^^
  File "C:\Program Files\Python314\Lib\socketserver.py", line 845, in write
    self._sock.sendall(b)
    ~~~~~~~~~~~~~~~~~~^^^
ConnectionResetError: [WinError 10054] An existing connection was forcibly closed by the remote host
----------------------------------------
127.0.0.1 - - [28/Jul/2026 11:17:33] code 404, message File not found
127.0.0.1 - - [28/Jul/2026 11:17:33] "GET /.well-known/appspecific/com.chrome.devtools.json HTTP/1.1" 404 -
127.0.0.1 - - [28/Jul/2026 11:33:42] "GET /assets/house-pie.png HTTP/1.1" 200 -
127.0.0.1 - - [28/Jul/2026 11:33:43] "GET /menu.html HTTP/1.1" 200 -
127.0.0.1 - - [28/Jul/2026 11:34:11] "GET /menu.html?v=20260605-2 HTTP/1.1" 200 -
127.0.0.1 - - [28/Jul/2026 11:34:11] "GET /assets/house-pie.png HTTP/1.1" 200 -
127.0.0.1 - - [28/Jul/2026 11:34:46] code 404, message File not found
127.0.0.1 - - [28/Jul/2026 11:34:46] "GET /.well-known/appspecific/com.chrome.devtools.json HTTP/1.1" 404 -
127.0.0.1 - - [28/Jul/2026 12:34:41] "GET /index.html HTTP/1.1" 200 -
127.0.0.1 - - [28/Jul/2026 12:34:41] "GET /assets/pizza-making.mp4 HTTP/1.1" 200 -
127.0.0.1 - - [28/Jul/2026 12:35:22] "GET /assets/pizza-making.mp4 HTTP/1.1" 200 -
127.0.0.1 - - [28/Jul/2026 12:36:03] "GET /assets/pizza-making.mp4 HTTP/1.1" 200 -
----------------------------------------
127.0.0.1 - - [28/Jul/2026 12:36:03] "GET /assets/pizza-making.mp4 HTTP/1.1" 200 -
Exception occurred during processing of request from ('127.0.0.1', 54424)
Traceback (most recent call last):
  File "C:\Program Files\Python314\Lib\socketserver.py", line 697, in process_request_thread
    self.finish_request(request, client_address)
    ~~~~~~~~~~~~~~~~~~~^^^^^^^^^^^^^^^^^^^^^^^^^
  File "C:\Program Files\Python314\Lib\http\server.py", line 1400, in finish_request
    self.RequestHandlerClass(request, client_address, self,
    ~~~~~~~~~~~~~~~~~~~~~~~~^^^^^^^^^^^^^^^^^^^^^^^^^^^^^^^
                             directory=args.directory)
                             ^^^^^^^^^^^^^^^^^^^^^^^^^
  File "C:\Program Files\Python314\Lib\http\server.py", line 721, in __init__
    super().__init__(*args, **kwargs)
    ~~~~~~~~~~~~~~~~^^^^^^^^^^^^^^^^^
  File "C:\Program Files\Python314\Lib\socketserver.py", line 766, in __init__
    self.handle()
    ~~~~~~~~~~~^^
  File "C:\Program Files\Python314\Lib\http\server.py", line 485, in handle
    self.handle_one_request()
    ~~~~~~~~~~~~~~~~~~~~~~~^^
  File "C:\Program Files\Python314\Lib\http\server.py", line 473, in handle_one_request
    method()
    ~~~~~~^^
  File "C:\Program Files\Python314\Lib\http\server.py", line 728, in do_GET
    self.copyfile(f, self.wfile)
    ~~~~~~~~~~~~~^^^^^^^^^^^^^^^
  File "C:\Program Files\Python314\Lib\http\server.py", line 931, in copyfile
    shutil.copyfileobj(source, outputfile)
    ~~~~~~~~~~~~~~~~~~^^^^^^^^^^^^^^^^^^^^
  File "C:\Program Files\Python314\Lib\shutil.py", line 257, in copyfileobj
    fdst_write(buf)
    ~~~~~~~~~~^^^^^
  File "C:\Program Files\Python314\Lib\socketserver.py", line 845, in write
    self._sock.sendall(b)
    ~~~~~~~~~~~~~~~~~~^^^
ConnectionAbortedError: [WinError 10053] An established connection was aborted by the software in your host machine
----------------------------------------
127.0.0.1 - - [28/Jul/2026 12:36:03] "GET /assets/pizza-making.mp4 HTTP/1.1" 200 -
----------------------------------------
Exception occurred during processing of request from ('127.0.0.1', 56862)
Traceback (most recent call last):
  File "C:\Program Files\Python314\Lib\socketserver.py", line 697, in process_request_thread
    self.finish_request(request, client_address)
    ~~~~~~~~~~~~~~~~~~~^^^^^^^^^^^^^^^^^^^^^^^^^
  File "C:\Program Files\Python314\Lib\http\server.py", line 1400, in finish_request
    self.RequestHandlerClass(request, client_address, self,
    ~~~~~~~~~~~~~~~~~~~~~~~~^^^^^^^^^^^^^^^^^^^^^^^^^^^^^^^
                             directory=args.directory)
                             ^^^^^^^^^^^^^^^^^^^^^^^^^
  File "C:\Program Files\Python314\Lib\http\server.py", line 721, in __init__
    super().__init__(*args, **kwargs)
    ~~~~~~~~~~~~~~~~^^^^^^^^^^^^^^^^^
  File "C:\Program Files\Python314\Lib\socketserver.py", line 766, in __init__
    self.handle()
    ~~~~~~~~~~~^^
  File "C:\Program Files\Python314\Lib\http\server.py", line 485, in handle
    self.handle_one_request()
    ~~~~~~~~~~~~~~~~~~~~~~~^^
  File "C:\Program Files\Python314\Lib\http\server.py", line 473, in handle_one_request
    method()
    ~~~~~~^^
  File "C:\Program Files\Python314\Lib\http\server.py", line 728, in do_GET
    self.copyfile(f, self.wfile)
    ~~~~~~~~~~~~~^^^^^^^^^^^^^^^
  File "C:\Program Files\Python314\Lib\http\server.py", line 931, in copyfile
    shutil.copyfileobj(source, outputfile)
    ~~~~~~~~~~~~~~~~~~^^^^^^^^^^^^^^^^^^^^
  File "C:\Program Files\Python314\Lib\shutil.py", line 257, in copyfileobj
    fdst_write(buf)
    ~~~~~~~~~~^^^^^
  File "C:\Program Files\Python314\Lib\socketserver.py", line 845, in write
    self._sock.sendall(b)
    ~~~~~~~~~~~~~~~~~~^^^
ConnectionResetError: [WinError 10054] An existing connection was forcibly closed by the remote host
----------------------------------------
----------------------------------------
Exception occurred during processing of request from ('127.0.0.1', 54628)
Traceback (most recent call last):
  File "C:\Program Files\Python314\Lib\socketserver.py", line 697, in process_request_thread
    self.finish_request(request, client_address)
    ~~~~~~~~~~~~~~~~~~~^^^^^^^^^^^^^^^^^^^^^^^^^
  File "C:\Program Files\Python314\Lib\http\server.py", line 1400, in finish_request
    self.RequestHandlerClass(request, client_address, self,
    ~~~~~~~~~~~~~~~~~~~~~~~~^^^^^^^^^^^^^^^^^^^^^^^^^^^^^^^
                             directory=args.directory)
                             ^^^^^^^^^^^^^^^^^^^^^^^^^
  File "C:\Program Files\Python314\Lib\http\server.py", line 721, in __init__
    super().__init__(*args, **kwargs)
    ~~~~~~~~~~~~~~~~^^^^^^^^^^^^^^^^^
  File "C:\Program Files\Python314\Lib\socketserver.py", line 766, in __init__
    self.handle()
    ~~~~~~~~~~~^^
  File "C:\Program Files\Python314\Lib\http\server.py", line 485, in handle
    self.handle_one_request()
    ~~~~~~~~~~~~~~~~~~~~~~~^^
  File "C:\Program Files\Python314\Lib\http\server.py", line 473, in handle_one_request
    method()
    ~~~~~~^^
  File "C:\Program Files\Python314\Lib\http\server.py", line 728, in do_GET
    self.copyfile(f, self.wfile)
    ~~~~~~~~~~~~~^^^^^^^^^^^^^^^
  File "C:\Program Files\Python314\Lib\http\server.py", line 931, in copyfile
    shutil.copyfileobj(source, outputfile)
    ~~~~~~~~~~~~~~~~~~^^^^^^^^^^^^^^^^^^^^
  File "C:\Program Files\Python314\Lib\shutil.py", line 257, in copyfileobj
    fdst_write(buf)
    ~~~~~~~~~~^^^^^
  File "C:\Program Files\Python314\Lib\socketserver.py", line 845, in write
    self._sock.sendall(b)
    ~~~~~~~~~~~~~~~~~~^^^
ConnectionResetError: [WinError 10054] An existing connection was forcibly closed by the remote host
----------------------------------------
127.0.0.1 - - [28/Jul/2026 12:36:10] "GET /assets/pizza-making.mp4 HTTP/1.1" 200 -
127.0.0.1 - - [28/Jul/2026 12:38:47] "GET /assets/pizza-making.mp4 HTTP/1.1" 200 -
127.0.0.1 - - [28/Jul/2026 12:39:28] "GET /assets/pizza-making.mp4 HTTP/1.1" 200 -
----------------------------------------
Exception occurred during processing of request from ('127.0.0.1', 64844)
Traceback (most recent call last):
  File "C:\Program Files\Python314\Lib\socketserver.py", line 697, in process_request_thread
    self.finish_request(request, client_address)
    ~~~~~~~~~~~~~~~~~~~^^^^^^^^^^^^^^^^^^^^^^^^^
  File "C:\Program Files\Python314\Lib\http\server.py", line 1400, in finish_request
    self.RequestHandlerClass(request, client_address, self,
    ~~~~~~~~~~~~~~~~~~~~~~~~^^^^^^^^^^^^^^^^^^^^^^^^^^^^^^^
                             directory=args.directory)
                             ^^^^^^^^^^^^^^^^^^^^^^^^^
  File "C:\Program Files\Python314\Lib\http\server.py", line 721, in __init__
    super().__init__(*args, **kwargs)
    ~~~~~~~~~~~~~~~~^^^^^^^^^^^^^^^^^
  File "C:\Program Files\Python314\Lib\socketserver.py", line 766, in __init__
    self.handle()
    ~~~~~~~~~~~^^
  File "C:\Program Files\Python314\Lib\http\server.py", line 485, in handle
    self.handle_one_request()
    ~~~~~~~~~~~~~~~~~~~~~~~^^
  File "C:\Program Files\Python314\Lib\http\server.py", line 473, in handle_one_request
    method()
    ~~~~~~^^
  File "C:\Program Files\Python314\Lib\http\server.py", line 728, in do_GET
    self.copyfile(f, self.wfile)
    ~~~~~~~~~~~~~^^^^^^^^^^^^^^^
  File "C:\Program Files\Python314\Lib\http\server.py", line 931, in copyfile
    shutil.copyfileobj(source, outputfile)
    ~~~~~~~~~~~~~~~~~~^^^^^^^^^^^^^^^^^^^^
  File "C:\Program Files\Python314\Lib\shutil.py", line 257, in copyfileobj
    fdst_write(buf)
    ~~~~~~~~~~^^^^^
  File "C:\Program Files\Python314\Lib\socketserver.py", line 845, in write
    self._sock.sendall(b)
    ~~~~~~~~~~~~~~~~~~^^^
ConnectionResetError: [WinError 10054] An existing connection was forcibly closed by the remote host
----------------------------------------
127.0.0.1 - - [28/Jul/2026 12:39:37] "GET /assets/pizza-making.mp4 HTTP/1.1" 200 -
127.0.0.1 - - [28/Jul/2026 12:40:09] "GET /assets/pizza-making.mp4 HTTP/1.1" 200 -
----------------------------------------
127.0.0.1 - - [28/Jul/2026 12:40:09] "GET /assets/pizza-making.mp4 HTTP/1.1" 200 -
Exception occurred during processing of request from ('127.0.0.1', 58705)
Traceback (most recent call last):
  File "C:\Program Files\Python314\Lib\socketserver.py", line 697, in process_request_thread
    self.finish_request(request, client_address)
    ~~~~~~~~~~~~~~~~~~~^^^^^^^^^^^^^^^^^^^^^^^^^
  File "C:\Program Files\Python314\Lib\http\server.py", line 1400, in finish_request
    self.RequestHandlerClass(request, client_address, self,
    ~~~~~~~~~~~~~~~~~~~~~~~~^^^^^^^^^^^^^^^^^^^^^^^^^^^^^^^
                             directory=args.directory)
                             ^^^^^^^^^^^^^^^^^^^^^^^^^
  File "C:\Program Files\Python314\Lib\http\server.py", line 721, in __init__
    super().__init__(*args, **kwargs)
    ~~~~~~~~~~~~~~~~^^^^^^^^^^^^^^^^^
  File "C:\Program Files\Python314\Lib\socketserver.py", line 766, in __init__
    self.handle()
    ~~~~~~~~~~~^^
  File "C:\Program Files\Python314\Lib\http\server.py", line 485, in handle
    self.handle_one_request()
    ~~~~~~~~~~~~~~~~~~~~~~~^^
  File "C:\Program Files\Python314\Lib\http\server.py", line 473, in handle_one_request
    method()
    ~~~~~~^^
  File "C:\Program Files\Python314\Lib\http\server.py", line 728, in do_GET
    self.copyfile(f, self.wfile)
    ~~~~~~~~~~~~~^^^^^^^^^^^^^^^
  File "C:\Program Files\Python314\Lib\http\server.py", line 931, in copyfile
    shutil.copyfileobj(source, outputfile)
    ~~~~~~~~~~~~~~~~~~^^^^^^^^^^^^^^^^^^^^
  File "C:\Program Files\Python314\Lib\shutil.py", line 257, in copyfileobj
    fdst_write(buf)
    ~~~~~~~~~~^^^^^
  File "C:\Program Files\Python314\Lib\socketserver.py", line 845, in write
    self._sock.sendall(b)
    ~~~~~~~~~~~~~~~~~~^^^
ConnectionAbortedError: [WinError 10053] An established connection was aborted by the software in your host machine
----------------------------------------
----------------------------------------
Exception occurred during processing of request from ('127.0.0.1', 52680)
Traceback (most recent call last):
  File "C:\Program Files\Python314\Lib\socketserver.py", line 697, in process_request_thread
    self.finish_request(request, client_address)
    ~~~~~~~~~~~~~~~~~~~^^^^^^^^^^^^^^^^^^^^^^^^^
  File "C:\Program Files\Python314\Lib\http\server.py", line 1400, in finish_request
    self.RequestHandlerClass(request, client_address, self,
    ~~~~~~~~~~~~~~~~~~~~~~~~^^^^^^^^^^^^^^^^^^^^^^^^^^^^^^^
                             directory=args.directory)
                             ^^^^^^^^^^^^^^^^^^^^^^^^^
  File "C:\Program Files\Python314\Lib\http\server.py", line 721, in __init__
    super().__init__(*args, **kwargs)
    ~~~~~~~~~~~~~~~~^^^^^^^^^^^^^^^^^
  File "C:\Program Files\Python314\Lib\socketserver.py", line 766, in __init__
    self.handle()
    ~~~~~~~~~~~^^
  File "C:\Program Files\Python314\Lib\http\server.py", line 485, in handle
    self.handle_one_request()
    ~~~~~~~~~~~~~~~~~~~~~~~^^
  File "C:\Program Files\Python314\Lib\http\server.py", line 473, in handle_one_request
    method()
    ~~~~~~^^
  File "C:\Program Files\Python314\Lib\http\server.py", line 728, in do_GET
    self.copyfile(f, self.wfile)
    ~~~~~~~~~~~~~^^^^^^^^^^^^^^^
  File "C:\Program Files\Python314\Lib\http\server.py", line 931, in copyfile
    shutil.copyfileobj(source, outputfile)
    ~~~~~~~~~~~~~~~~~~^^^^^^^^^^^^^^^^^^^^
  File "C:\Program Files\Python314\Lib\shutil.py", line 257, in copyfileobj
    fdst_write(buf)
    ~~~~~~~~~~^^^^^
  File "C:\Program Files\Python314\Lib\socketserver.py", line 845, in write
    self._sock.sendall(b)
    ~~~~~~~~~~~~~~~~~~^^^
ConnectionResetError: [WinError 10054] An existing connection was forcibly closed by the remote host
----------------------------------------
127.0.0.1 - - [28/Jul/2026 12:40:18] "GET /assets/pizza-making.mp4 HTTP/1.1" 200 -
127.0.0.1 - - [28/Jul/2026 12:40:50] "GET /assets/pizza-making.mp4 HTTP/1.1" 200 -
----------------------------------------
127.0.0.1 - - [28/Jul/2026 12:40:50] "GET /assets/pizza-making.mp4 HTTP/1.1" 200 -
Exception occurred during processing of request from ('127.0.0.1', 52446)
Traceback (most recent call last):
  File "C:\Program Files\Python314\Lib\socketserver.py", line 697, in process_request_thread
    self.finish_request(request, client_address)
    ~~~~~~~~~~~~~~~~~~~^^^^^^^^^^^^^^^^^^^^^^^^^
  File "C:\Program Files\Python314\Lib\http\server.py", line 1400, in finish_request
    self.RequestHandlerClass(request, client_address, self,
    ~~~~~~~~~~~~~~~~~~~~~~~~^^^^^^^^^^^^^^^^^^^^^^^^^^^^^^^
                             directory=args.directory)
                             ^^^^^^^^^^^^^^^^^^^^^^^^^
  File "C:\Program Files\Python314\Lib\http\server.py", line 721, in __init__
    super().__init__(*args, **kwargs)
    ~~~~~~~~~~~~~~~~^^^^^^^^^^^^^^^^^
  File "C:\Program Files\Python314\Lib\socketserver.py", line 766, in __init__
    self.handle()
    ~~~~~~~~~~~^^
  File "C:\Program Files\Python314\Lib\http\server.py", line 485, in handle
    self.handle_one_request()
    ~~~~~~~~~~~~~~~~~~~~~~~^^
  File "C:\Program Files\Python314\Lib\http\server.py", line 473, in handle_one_request
    method()
    ~~~~~~^^
  File "C:\Program Files\Python314\Lib\http\server.py", line 728, in do_GET
    self.copyfile(f, self.wfile)
    ~~~~~~~~~~~~~^^^^^^^^^^^^^^^
  File "C:\Program Files\Python314\Lib\http\server.py", line 931, in copyfile
    shutil.copyfileobj(source, outputfile)
    ~~~~~~~~~~~~~~~~~~^^^^^^^^^^^^^^^^^^^^
  File "C:\Program Files\Python314\Lib\shutil.py", line 257, in copyfileobj
    fdst_write(buf)
    ~~~~~~~~~~^^^^^
  File "C:\Program Files\Python314\Lib\socketserver.py", line 845, in write
    self._sock.sendall(b)
    ~~~~~~~~~~~~~~~~~~^^^
ConnectionResetError: [WinError 10054] An existing connection was forcibly closed by the remote host
----------------------------------------
----------------------------------------
Exception occurred during processing of request from ('127.0.0.1', 64052)
Traceback (most recent call last):
  File "C:\Program Files\Python314\Lib\socketserver.py", line 697, in process_request_thread
    self.finish_request(request, client_address)
    ~~~~~~~~~~~~~~~~~~~^^^^^^^^^^^^^^^^^^^^^^^^^
  File "C:\Program Files\Python314\Lib\http\server.py", line 1400, in finish_request
    self.RequestHandlerClass(request, client_address, self,
    ~~~~~~~~~~~~~~~~~~~~~~~~^^^^^^^^^^^^^^^^^^^^^^^^^^^^^^^
                             directory=args.directory)
                             ^^^^^^^^^^^^^^^^^^^^^^^^^
  File "C:\Program Files\Python314\Lib\http\server.py", line 721, in __init__
    super().__init__(*args, **kwargs)
    ~~~~~~~~~~~~~~~~^^^^^^^^^^^^^^^^^
  File "C:\Program Files\Python314\Lib\socketserver.py", line 766, in __init__
    self.handle()
    ~~~~~~~~~~~^^
  File "C:\Program Files\Python314\Lib\http\server.py", line 485, in handle
    self.handle_one_request()
    ~~~~~~~~~~~~~~~~~~~~~~~^^
  File "C:\Program Files\Python314\Lib\http\server.py", line 473, in handle_one_request
    method()
    ~~~~~~^^
  File "C:\Program Files\Python314\Lib\http\server.py", line 728, in do_GET
    self.copyfile(f, self.wfile)
    ~~~~~~~~~~~~~^^^^^^^^^^^^^^^
  File "C:\Program Files\Python314\Lib\http\server.py", line 931, in copyfile
    shutil.copyfileobj(source, outputfile)
    ~~~~~~~~~~~~~~~~~~^^^^^^^^^^^^^^^^^^^^
  File "C:\Program Files\Python314\Lib\shutil.py", line 257, in copyfileobj
    fdst_write(buf)
    ~~~~~~~~~~^^^^^
  File "C:\Program Files\Python314\Lib\socketserver.py", line 845, in write
    self._sock.sendall(b)
    ~~~~~~~~~~~~~~~~~~^^^
ConnectionAbortedError: [WinError 10053] An established connection was aborted by the software in your host machine
----------------------------------------
127.0.0.1 - - [28/Jul/2026 12:40:59] "GET /assets/pizza-making.mp4 HTTP/1.1" 200 -
127.0.0.1 - - [28/Jul/2026 12:41:30] "GET /assets/pizza-making.mp4 HTTP/1.1" 200 -
----------------------------------------
127.0.0.1 - - [28/Jul/2026 12:41:31] "GET /assets/pizza-making.mp4 HTTP/1.1" 200 -
Exception occurred during processing of request from ('127.0.0.1', 58622)
Traceback (most recent call last):
  File "C:\Program Files\Python314\Lib\socketserver.py", line 697, in process_request_thread
    self.finish_request(request, client_address)
    ~~~~~~~~~~~~~~~~~~~^^^^^^^^^^^^^^^^^^^^^^^^^
  File "C:\Program Files\Python314\Lib\http\server.py", line 1400, in finish_request
    self.RequestHandlerClass(request, client_address, self,
    ~~~~~~~~~~~~~~~~~~~~~~~~^^^^^^^^^^^^^^^^^^^^^^^^^^^^^^^
                             directory=args.directory)
                             ^^^^^^^^^^^^^^^^^^^^^^^^^
  File "C:\Program Files\Python314\Lib\http\server.py", line 721, in __init__
    super().__init__(*args, **kwargs)
    ~~~~~~~~~~~~~~~~^^^^^^^^^^^^^^^^^
  File "C:\Program Files\Python314\Lib\socketserver.py", line 766, in __init__
    self.handle()
    ~~~~~~~~~~~^^
  File "C:\Program Files\Python314\Lib\http\server.py", line 485, in handle
    self.handle_one_request()
    ~~~~~~~~~~~~~~~~~~~~~~~^^
  File "C:\Program Files\Python314\Lib\http\server.py", line 473, in handle_one_request
    method()
    ~~~~~~^^
  File "C:\Program Files\Python314\Lib\http\server.py", line 728, in do_GET
    self.copyfile(f, self.wfile)
    ~~~~~~~~~~~~~^^^^^^^^^^^^^^^
  File "C:\Program Files\Python314\Lib\http\server.py", line 931, in copyfile
    shutil.copyfileobj(source, outputfile)
    ~~~~~~~~~~~~~~~~~~^^^^^^^^^^^^^^^^^^^^
  File "C:\Program Files\Python314\Lib\shutil.py", line 257, in copyfileobj
    fdst_write(buf)
    ~~~~~~~~~~^^^^^
  File "C:\Program Files\Python314\Lib\socketserver.py", line 845, in write
    self._sock.sendall(b)
    ~~~~~~~~~~~~~~~~~~^^^
ConnectionAbortedError: [WinError 10053] An established connection was aborted by the software in your host machine
----------------------------------------
----------------------------------------
Exception occurred during processing of request from ('127.0.0.1', 57252)
Traceback (most recent call last):
  File "C:\Program Files\Python314\Lib\socketserver.py", line 697, in process_request_thread
    self.finish_request(request, client_address)
    ~~~~~~~~~~~~~~~~~~~^^^^^^^^^^^^^^^^^^^^^^^^^
  File "C:\Program Files\Python314\Lib\http\server.py", line 1400, in finish_request
    self.RequestHandlerClass(request, client_address, self,
    ~~~~~~~~~~~~~~~~~~~~~~~~^^^^^^^^^^^^^^^^^^^^^^^^^^^^^^^
                             directory=args.directory)
                             ^^^^^^^^^^^^^^^^^^^^^^^^^
  File "C:\Program Files\Python314\Lib\http\server.py", line 721, in __init__
    super().__init__(*args, **kwargs)
    ~~~~~~~~~~~~~~~~^^^^^^^^^^^^^^^^^
  File "C:\Program Files\Python314\Lib\socketserver.py", line 766, in __init__
    self.handle()
    ~~~~~~~~~~~^^
  File "C:\Program Files\Python314\Lib\http\server.py", line 485, in handle
    self.handle_one_request()
    ~~~~~~~~~~~~~~~~~~~~~~~^^
  File "C:\Program Files\Python314\Lib\http\server.py", line 473, in handle_one_request
    method()
    ~~~~~~^^
  File "C:\Program Files\Python314\Lib\http\server.py", line 728, in do_GET
    self.copyfile(f, self.wfile)
    ~~~~~~~~~~~~~^^^^^^^^^^^^^^^
  File "C:\Program Files\Python314\Lib\http\server.py", line 931, in copyfile
    shutil.copyfileobj(source, outputfile)
    ~~~~~~~~~~~~~~~~~~^^^^^^^^^^^^^^^^^^^^
  File "C:\Program Files\Python314\Lib\shutil.py", line 257, in copyfileobj
    fdst_write(buf)
    ~~~~~~~~~~^^^^^
  File "C:\Program Files\Python314\Lib\socketserver.py", line 845, in write
    self._sock.sendall(b)
    ~~~~~~~~~~~~~~~~~~^^^
ConnectionResetError: [WinError 10054] An existing connection was forcibly closed by the remote host
----------------------------------------
127.0.0.1 - - [28/Jul/2026 12:41:40] "GET /assets/pizza-making.mp4 HTTP/1.1" 200 -
127.0.0.1 - - [28/Jul/2026 12:42:11] "GET /assets/pizza-making.mp4 HTTP/1.1" 200 -
----------------------------------------
127.0.0.1 - - [28/Jul/2026 12:42:11] "GET /assets/pizza-making.mp4 HTTP/1.1" 200 -
Exception occurred during processing of request from ('127.0.0.1', 60752)
Traceback (most recent call last):
  File "C:\Program Files\Python314\Lib\socketserver.py", line 697, in process_request_thread
    self.finish_request(request, client_address)
    ~~~~~~~~~~~~~~~~~~~^^^^^^^^^^^^^^^^^^^^^^^^^
  File "C:\Program Files\Python314\Lib\http\server.py", line 1400, in finish_request
    self.RequestHandlerClass(request, client_address, self,
    ~~~~~~~~~~~~~~~~~~~~~~~~^^^^^^^^^^^^^^^^^^^^^^^^^^^^^^^
                             directory=args.directory)
                             ^^^^^^^^^^^^^^^^^^^^^^^^^
  File "C:\Program Files\Python314\Lib\http\server.py", line 721, in __init__
    super().__init__(*args, **kwargs)
    ~~~~~~~~~~~~~~~~^^^^^^^^^^^^^^^^^
  File "C:\Program Files\Python314\Lib\socketserver.py", line 766, in __init__
    self.handle()
    ~~~~~~~~~~~^^
  File "C:\Program Files\Python314\Lib\http\server.py", line 485, in handle
    self.handle_one_request()
    ~~~~~~~~~~~~~~~~~~~~~~~^^
  File "C:\Program Files\Python314\Lib\http\server.py", line 473, in handle_one_request
    method()
    ~~~~~~^^
  File "C:\Program Files\Python314\Lib\http\server.py", line 728, in do_GET
    self.copyfile(f, self.wfile)
    ~~~~~~~~~~~~~^^^^^^^^^^^^^^^
  File "C:\Program Files\Python314\Lib\http\server.py", line 931, in copyfile
    shutil.copyfileobj(source, outputfile)
    ~~~~~~~~~~~~~~~~~~^^^^^^^^^^^^^^^^^^^^
  File "C:\Program Files\Python314\Lib\shutil.py", line 257, in copyfileobj
    fdst_write(buf)
    ~~~~~~~~~~^^^^^
  File "C:\Program Files\Python314\Lib\socketserver.py", line 845, in write
    self._sock.sendall(b)
    ~~~~~~~~~~~~~~~~~~^^^
ConnectionAbortedError: [WinError 10053] An established connection was aborted by the software in your host machine
----------------------------------------
127.0.0.1 - - [28/Jul/2026 12:42:52] "GET /assets/pizza-making.mp4 HTTP/1.1" 200 -
----------------------------------------
Exception occurred during processing of request from ('127.0.0.1', 63878)
Traceback (most recent call last):
  File "C:\Program Files\Python314\Lib\socketserver.py", line 697, in process_request_thread
    self.finish_request(request, client_address)
    ~~~~~~~~~~~~~~~~~~~^^^^^^^^^^^^^^^^^^^^^^^^^
  File "C:\Program Files\Python314\Lib\http\server.py", line 1400, in finish_request
    self.RequestHandlerClass(request, client_address, self,
    ~~~~~~~~~~~~~~~~~~~~~~~~^^^^^^^^^^^^^^^^^^^^^^^^^^^^^^^
                             directory=args.directory)
                             ^^^^^^^^^^^^^^^^^^^^^^^^^
  File "C:\Program Files\Python314\Lib\http\server.py", line 721, in __init__
    super().__init__(*args, **kwargs)
    ~~~~~~~~~~~~~~~~^^^^^^^^^^^^^^^^^
  File "C:\Program Files\Python314\Lib\socketserver.py", line 766, in __init__
    self.handle()
    ~~~~~~~~~~~^^
  File "C:\Program Files\Python314\Lib\http\server.py", line 485, in handle
    self.handle_one_request()
    ~~~~~~~~~~~~~~~~~~~~~~~^^
  File "C:\Program Files\Python314\Lib\http\server.py", line 473, in handle_one_request
    method()
    ~~~~~~^^
  File "C:\Program Files\Python314\Lib\http\server.py", line 728, in do_GET
    self.copyfile(f, self.wfile)
    ~~~~~~~~~~~~~^^^^^^^^^^^^^^^
  File "C:\Program Files\Python314\Lib\http\server.py", line 931, in copyfile
    shutil.copyfileobj(source, outputfile)
    ~~~~~~~~~~~~~~~~~~^^^^^^^^^^^^^^^^^^^^
127.0.0.1 - - [28/Jul/2026 12:42:52] "GET /assets/pizza-making.mp4 HTTP/1.1" 200 -
  File "C:\Program Files\Python314\Lib\shutil.py", line 257, in copyfileobj
    fdst_write(buf)
    ~~~~~~~~~~^^^^^
  File "C:\Program Files\Python314\Lib\socketserver.py", line 845, in write
    self._sock.sendall(b)
    ~~~~~~~~~~~~~~~~~~^^^
ConnectionResetError: [WinError 10054] An existing connection was forcibly closed by the remote host
----------------------------------------
----------------------------------------
Exception occurred during processing of request from ('127.0.0.1', 53868)
Traceback (most recent call last):
  File "C:\Program Files\Python314\Lib\socketserver.py", line 697, in process_request_thread
    self.finish_request(request, client_address)
    ~~~~~~~~~~~~~~~~~~~^^^^^^^^^^^^^^^^^^^^^^^^^
  File "C:\Program Files\Python314\Lib\http\server.py", line 1400, in finish_request
    self.RequestHandlerClass(request, client_address, self,
    ~~~~~~~~~~~~~~~~~~~~~~~~^^^^^^^^^^^^^^^^^^^^^^^^^^^^^^^
                             directory=args.directory)
                             ^^^^^^^^^^^^^^^^^^^^^^^^^
  File "C:\Program Files\Python314\Lib\http\server.py", line 721, in __init__
    super().__init__(*args, **kwargs)
    ~~~~~~~~~~~~~~~~^^^^^^^^^^^^^^^^^
  File "C:\Program Files\Python314\Lib\socketserver.py", line 766, in __init__
    self.handle()
    ~~~~~~~~~~~^^
  File "C:\Program Files\Python314\Lib\http\server.py", line 485, in handle
    self.handle_one_request()
    ~~~~~~~~~~~~~~~~~~~~~~~^^
  File "C:\Program Files\Python314\Lib\http\server.py", line 473, in handle_one_request
    method()
    ~~~~~~^^
  File "C:\Program Files\Python314\Lib\http\server.py", line 728, in do_GET
    self.copyfile(f, self.wfile)
    ~~~~~~~~~~~~~^^^^^^^^^^^^^^^
  File "C:\Program Files\Python314\Lib\http\server.py", line 931, in copyfile
    shutil.copyfileobj(source, outputfile)
    ~~~~~~~~~~~~~~~~~~^^^^^^^^^^^^^^^^^^^^
  File "C:\Program Files\Python314\Lib\shutil.py", line 257, in copyfileobj
    fdst_write(buf)
    ~~~~~~~~~~^^^^^
  File "C:\Program Files\Python314\Lib\socketserver.py", line 845, in write
    self._sock.sendall(b)
    ~~~~~~~~~~~~~~~~~~^^^
ConnectionResetError: [WinError 10054] An existing connection was forcibly closed by the remote host
----------------------------------------
127.0.0.1 - - [28/Jul/2026 12:43:01] "GET /assets/pizza-making.mp4 HTTP/1.1" 200 -
127.0.0.1 - - [28/Jul/2026 12:43:33] "GET /assets/pizza-making.mp4 HTTP/1.1" 200 -
----------------------------------------
Exception occurred during processing of request from ('127.0.0.1', 51055)
Traceback (most recent call last):
  File "C:\Program Files\Python314\Lib\socketserver.py", line 697, in process_request_thread
    self.finish_request(request, client_address)
    ~~~~~~~~~~~~~~~~~~~^^^^^^^^^^^^^^^^^^^^^^^^^
  File "C:\Program Files\Python314\Lib\http\server.py", line 1400, in finish_request
    self.RequestHandlerClass(request, client_address, self,
    ~~~~~~~~~~~~~~~~~~~~~~~~^^^^^^^^^^^^^^^^^^^^^^^^^^^^^^^
                             directory=args.directory)
                             ^^^^^^^^^^^^^^^^^^^^^^^^^
  File "C:\Program Files\Python314\Lib\http\server.py", line 721, in __init__
    super().__init__(*args, **kwargs)
    ~~~~~~~~~~~~~~~~^^^^^^^^^^^^^^^^^
127.0.0.1 - - [28/Jul/2026 12:43:33] "GET /assets/pizza-making.mp4 HTTP/1.1" 200 -
  File "C:\Program Files\Python314\Lib\socketserver.py", line 766, in __init__
    self.handle()
    ~~~~~~~~~~~^^
  File "C:\Program Files\Python314\Lib\http\server.py", line 485, in handle
    self.handle_one_request()
    ~~~~~~~~~~~~~~~~~~~~~~~^^
  File "C:\Program Files\Python314\Lib\http\server.py", line 473, in handle_one_request
    method()
    ~~~~~~^^
  File "C:\Program Files\Python314\Lib\http\server.py", line 728, in do_GET
    self.copyfile(f, self.wfile)
    ~~~~~~~~~~~~~^^^^^^^^^^^^^^^
  File "C:\Program Files\Python314\Lib\http\server.py", line 931, in copyfile
    shutil.copyfileobj(source, outputfile)
    ~~~~~~~~~~~~~~~~~~^^^^^^^^^^^^^^^^^^^^
  File "C:\Program Files\Python314\Lib\shutil.py", line 257, in copyfileobj
    fdst_write(buf)
    ~~~~~~~~~~^^^^^
  File "C:\Program Files\Python314\Lib\socketserver.py", line 845, in write
    self._sock.sendall(b)
    ~~~~~~~~~~~~~~~~~~^^^
ConnectionAbortedError: [WinError 10053] An established connection was aborted by the software in your host machine
----------------------------------------
----------------------------------------
Exception occurred during processing of request from ('127.0.0.1', 51059)
Traceback (most recent call last):
  File "C:\Program Files\Python314\Lib\socketserver.py", line 697, in process_request_thread
    self.finish_request(request, client_address)
    ~~~~~~~~~~~~~~~~~~~^^^^^^^^^^^^^^^^^^^^^^^^^
  File "C:\Program Files\Python314\Lib\http\server.py", line 1400, in finish_request
    self.RequestHandlerClass(request, client_address, self,
    ~~~~~~~~~~~~~~~~~~~~~~~~^^^^^^^^^^^^^^^^^^^^^^^^^^^^^^^
                             directory=args.directory)
                             ^^^^^^^^^^^^^^^^^^^^^^^^^
  File "C:\Program Files\Python314\Lib\http\server.py", line 721, in __init__
    super().__init__(*args, **kwargs)
    ~~~~~~~~~~~~~~~~^^^^^^^^^^^^^^^^^
  File "C:\Program Files\Python314\Lib\socketserver.py", line 766, in __init__
    self.handle()
    ~~~~~~~~~~~^^
  File "C:\Program Files\Python314\Lib\http\server.py", line 485, in handle
    self.handle_one_request()
    ~~~~~~~~~~~~~~~~~~~~~~~^^
  File "C:\Program Files\Python314\Lib\http\server.py", line 473, in handle_one_request
    method()
    ~~~~~~^^
  File "C:\Program Files\Python314\Lib\http\server.py", line 728, in do_GET
    self.copyfile(f, self.wfile)
    ~~~~~~~~~~~~~^^^^^^^^^^^^^^^
  File "C:\Program Files\Python314\Lib\http\server.py", line 931, in copyfile
    shutil.copyfileobj(source, outputfile)
    ~~~~~~~~~~~~~~~~~~^^^^^^^^^^^^^^^^^^^^
  File "C:\Program Files\Python314\Lib\shutil.py", line 257, in copyfileobj
    fdst_write(buf)
    ~~~~~~~~~~^^^^^
  File "C:\Program Files\Python314\Lib\socketserver.py", line 845, in write
    self._sock.sendall(b)
    ~~~~~~~~~~~~~~~~~~^^^
ConnectionAbortedError: [WinError 10053] An established connection was aborted by the software in your host machine
----------------------------------------
127.0.0.1 - - [28/Jul/2026 12:44:15] "GET /contact.html?v=20260605-1 HTTP/1.1" 200 -
127.0.0.1 - - [28/Jul/2026 12:44:19] "GET /about.html?v=20260605-28 HTTP/1.1" 200 -
127.0.0.1 - - [28/Jul/2026 12:44:19] "GET /assets/instagram-feed.json HTTP/1.1" 200 -
127.0.0.1 - - [28/Jul/2026 12:44:19] "GET /assets/about-pizza-reel.mp4 HTTP/1.1" 200 -
127.0.0.1 - - [28/Jul/2026 12:44:19] "GET /assets/about-pizza-sound-reel.mp4 HTTP/1.1" 200 -
127.0.0.1 - - [28/Jul/2026 12:44:19] "GET /assets/about-event-reel.mp4 HTTP/1.1" 200 -
127.0.0.1 - - [28/Jul/2026 12:44:19] "GET /assets/about-anniversary-reel.mp4 HTTP/1.1" 200 -
127.0.0.1 - - [28/Jul/2026 12:44:19] "GET /assets/about-pizza-reel.mp4 HTTP/1.1" 200 -
127.0.0.1 - - [28/Jul/2026 12:44:19] "GET /assets/about-pizza-sound-reel.mp4 HTTP/1.1" 200 -
127.0.0.1 - - [28/Jul/2026 12:44:19] "GET /assets/about-event-reel.mp4 HTTP/1.1" 200 -
127.0.0.1 - - [28/Jul/2026 12:44:19] "GET /assets/about-anniversary-reel.mp4 HTTP/1.1" 200 -
127.0.0.1 - - [28/Jul/2026 12:44:20] "GET /assets/about-anniversary-reel.mp4 HTTP/1.1" 200 -
127.0.0.1 - - [28/Jul/2026 12:44:20] "GET /assets/about-pizza-sound-reel.mp4 HTTP/1.1" 200 -
127.0.0.1 - - [28/Jul/2026 12:44:20] "GET /assets/about-pizza-sound-reel.mp4 HTTP/1.1" 200 -
127.0.0.1 - - [28/Jul/2026 12:44:20] "GET /assets/about-event-reel.mp4 HTTP/1.1" 200 -
127.0.0.1 - - [28/Jul/2026 12:44:20] "GET /assets/about-anniversary-reel.mp4 HTTP/1.1" 200 -
127.0.0.1 - - [28/Jul/2026 12:44:20] "GET /assets/about-event-reel.mp4 HTTP/1.1" 200 -
----------------------------------------
Exception occurred during processing of request from ('127.0.0.1', 64407)
Traceback (most recent call last):
  File "C:\Program Files\Python314\Lib\socketserver.py", line 697, in process_request_thread
    self.finish_request(request, client_address)
    ~~~~~~~~~~~~~~~~~~~^^^^^^^^^^^^^^^^^^^^^^^^^
  File "C:\Program Files\Python314\Lib\http\server.py", line 1400, in finish_request
    self.RequestHandlerClass(request, client_address, self,
    ~~~~~~~~~~~~~~~~~~~~~~~~^^^^^^^^^^^^^^^^^^^^^^^^^^^^^^^
                             directory=args.directory)
                             ^^^^^^^^^^^^^^^^^^^^^^^^^
  File "C:\Program Files\Python314\Lib\http\server.py", line 721, in __init__
    super().__init__(*args, **kwargs)
    ~~~~~~~~~~~~~~~~^^^^^^^^^^^^^^^^^
  File "C:\Program Files\Python314\Lib\socketserver.py", line 766, in __init__
    self.handle()
    ~~~~~~~~~~~^^
  File "C:\Program Files\Python314\Lib\http\server.py", line 485, in handle
    self.handle_one_request()
    ~~~~~~~~~~~~~~~~~~~~~~~^^
  File "C:\Program Files\Python314\Lib\http\server.py", line 473, in handle_one_request
    method()
    ~~~~~~^^
  File "C:\Program Files\Python314\Lib\http\server.py", line 728, in do_GET
    self.copyfile(f, self.wfile)
    ~~~~~~~~~~~~~^^^^^^^^^^^^^^^
  File "C:\Program Files\Python314\Lib\http\server.py", line 931, in copyfile
    shutil.copyfileobj(source, outputfile)
    ~~~~~~~~~~~~~~~~~~^^^^^^^^^^^^^^^^^^^^
  File "C:\Program Files\Python314\Lib\shutil.py", line 257, in copyfileobj
    fdst_write(buf)
    ~~~~~~~~~~^^^^^
  File "C:\Program Files\Python314\Lib\socketserver.py", line 845, in write
    self._sock.sendall(b)
    ~~~~~~~~~~~~~~~~~~^^^
ConnectionResetError: [WinError 10054] An existing connection was forcibly closed by the remote host
----------------------------------------
----------------------------------------
Exception occurred during processing of request from ('127.0.0.1', 54036)
Traceback (most recent call last):
  File "C:\Program Files\Python314\Lib\socketserver.py", line 697, in process_request_thread
    self.finish_request(request, client_address)
    ~~~~~~~~~~~~~~~~~~~^^^^^^^^^^^^^^^^^^^^^^^^^
  File "C:\Program Files\Python314\Lib\http\server.py", line 1400, in finish_request
    self.RequestHandlerClass(request, client_address, self,
    ~~~~~~~~~~~~~~~~~~~~~~~~^^^^^^^^^^^^^^^^^^^^^^^^^^^^^^^
                             directory=args.directory)
                             ^^^^^^^^^^^^^^^^^^^^^^^^^
  File "C:\Program Files\Python314\Lib\http\server.py", line 721, in __init__
    super().__init__(*args, **kwargs)
    ~~~~~~~~~~~~~~~~^^^^^^^^^^^^^^^^^
  File "C:\Program Files\Python314\Lib\socketserver.py", line 766, in __init__
    self.handle()
    ~~~~~~~~~~~^^
  File "C:\Program Files\Python314\Lib\http\server.py", line 485, in handle
    self.handle_one_request()
    ~~~~~~~~~~~~~~~~~~~~~~~^^
  File "C:\Program Files\Python314\Lib\http\server.py", line 473, in handle_one_request
    method()
    ~~~~~~^^
  File "C:\Program Files\Python314\Lib\http\server.py", line 728, in do_GET
    self.copyfile(f, self.wfile)
    ~~~~~~~~~~~~~^^^^^^^^^^^^^^^
  File "C:\Program Files\Python314\Lib\http\server.py", line 931, in copyfile
    shutil.copyfileobj(source, outputfile)
    ~~~~~~~~~~~~~~~~~~^^^^^^^^^^^^^^^^^^^^
  File "C:\Program Files\Python314\Lib\shutil.py", line 257, in copyfileobj
    fdst_write(buf)
    ~~~~~~~~~~^^^^^
  File "C:\Program Files\Python314\Lib\socketserver.py", line 845, in write
    self._sock.sendall(b)
    ~~~~~~~~~~~~~~~~~~^^^
ConnectionResetError: [WinError 10054] An existing connection was forcibly closed by the remote host
----------------------------------------
----------------------------------------
Exception occurred during processing of request from ('127.0.0.1', 60411)
Traceback (most recent call last):
  File "C:\Program Files\Python314\Lib\socketserver.py", line 697, in process_request_thread
    self.finish_request(request, client_address)
    ~~~~~~~~~~~~~~~~~~~^^^^^^^^^^^^^^^^^^^^^^^^^
  File "C:\Program Files\Python314\Lib\http\server.py", line 1400, in finish_request
    self.RequestHandlerClass(request, client_address, self,
    ~~~~~~~~~~~~~~~~~~~~~~~~^^^^^^^^^^^^^^^^^^^^^^^^^^^^^^^
                             directory=args.directory)
                             ^^^^^^^^^^^^^^^^^^^^^^^^^
  File "C:\Program Files\Python314\Lib\http\server.py", line 721, in __init__
    super().__init__(*args, **kwargs)
    ~~~~~~~~~~~~~~~~^^^^^^^^^^^^^^^^^
  File "C:\Program Files\Python314\Lib\socketserver.py", line 766, in __init__
    self.handle()
    ~~~~~~~~~~~^^
  File "C:\Program Files\Python314\Lib\http\server.py", line 485, in handle
    self.handle_one_request()
    ~~~~~~~~~~~~~~~~~~~~~~~^^
  File "C:\Program Files\Python314\Lib\http\server.py", line 473, in handle_one_request
    method()
    ~~~~~~^^
  File "C:\Program Files\Python314\Lib\http\server.py", line 728, in do_GET
    self.copyfile(f, self.wfile)
    ~~~~~~~~~~~~~^^^^^^^^^^^^^^^
  File "C:\Program Files\Python314\Lib\http\server.py", line 931, in copyfile
    shutil.copyfileobj(source, outputfile)
    ~~~~~~~~~~~~~~~~~~^^^^^^^^^^^^^^^^^^^^
  File "C:\Program Files\Python314\Lib\shutil.py", line 257, in copyfileobj
    fdst_write(buf)
    ~~~~~~~~~~^^^^^
  File "C:\Program Files\Python314\Lib\socketserver.py", line 845, in write
    self._sock.sendall(b)
    ~~~~~~~~~~~~~~~~~~^^^
ConnectionResetError: [WinError 10054] An existing connection was forcibly closed by the remote host
----------------------------------------
----------------------------------------
Exception occurred during processing of request from ('127.0.0.1', 61944)
Traceback (most recent call last):
  File "C:\Program Files\Python314\Lib\socketserver.py", line 697, in process_request_thread
    self.finish_request(request, client_address)
    ~~~~~~~~~~~~~~~~~~~^^^^^^^^^^^^^^^^^^^^^^^^^
  File "C:\Program Files\Python314\Lib\http\server.py", line 1400, in finish_request
    self.RequestHandlerClass(request, client_address, self,
    ~~~~~~~~~~~~~~~~~~~~~~~~^^^^^^^^^^^^^^^^^^^^^^^^^^^^^^^
                             directory=args.directory)
                             ^^^^^^^^^^^^^^^^^^^^^^^^^
  File "C:\Program Files\Python314\Lib\http\server.py", line 721, in __init__
    super().__init__(*args, **kwargs)
    ~~~~~~~~~~~~~~~~^^^^^^^^^^^^^^^^^
  File "C:\Program Files\Python314\Lib\socketserver.py", line 766, in __init__
    self.handle()
    ~~~~~~~~~~~^^
  File "C:\Program Files\Python314\Lib\http\server.py", line 485, in handle
    self.handle_one_request()
    ~~~~~~~~~~~~~~~~~~~~~~~^^
  File "C:\Program Files\Python314\Lib\http\server.py", line 473, in handle_one_request
    method()
    ~~~~~~^^
  File "C:\Program Files\Python314\Lib\http\server.py", line 728, in do_GET
    self.copyfile(f, self.wfile)
    ~~~~~~~~~~~~~^^^^^^^^^^^^^^^
  File "C:\Program Files\Python314\Lib\http\server.py", line 931, in copyfile
    shutil.copyfileobj(source, outputfile)
    ~~~~~~~~~~~~~~~~~~^^^^^^^^^^^^^^^^^^^^
  File "C:\Program Files\Python314\Lib\shutil.py", line 257, in copyfileobj
    fdst_write(buf)
    ~~~~~~~~~~^^^^^
  File "C:\Program Files\Python314\Lib\socketserver.py", line 845, in write
    self._sock.sendall(b)
    ~~~~~~~~~~~~~~~~~~^^^
ConnectionResetError: [WinError 10054] An existing connection was forcibly closed by the remote host
----------------------------------------
----------------------------------------
Exception occurred during processing of request from ('127.0.0.1', 53723)
Traceback (most recent call last):
  File "C:\Program Files\Python314\Lib\socketserver.py", line 697, in process_request_thread
    self.finish_request(request, client_address)
    ~~~~~~~~~~~~~~~~~~~^^^^^^^^^^^^^^^^^^^^^^^^^
----------------------------------------
  File "C:\Program Files\Python314\Lib\http\server.py", line 1400, in finish_request
    self.RequestHandlerClass(request, client_address, self,
    ~~~~~~~~~~~~~~~~~~~~~~~~^^^^^^^^^^^^^^^^^^^^^^^^^^^^^^^
                             directory=args.directory)
                             ^^^^^^^^^^^^^^^^^^^^^^^^^
Exception occurred during processing of request from ('127.0.0.1', 54124)
  File "C:\Program Files\Python314\Lib\http\server.py", line 721, in __init__
    super().__init__(*args, **kwargs)
    ~~~~~~~~~~~~~~~~^^^^^^^^^^^^^^^^^
Traceback (most recent call last):
  File "C:\Program Files\Python314\Lib\socketserver.py", line 766, in __init__
    self.handle()
    ~~~~~~~~~~~^^
  File "C:\Program Files\Python314\Lib\socketserver.py", line 697, in process_request_thread
    self.finish_request(request, client_address)
    ~~~~~~~~~~~~~~~~~~~^^^^^^^^^^^^^^^^^^^^^^^^^
  File "C:\Program Files\Python314\Lib\http\server.py", line 485, in handle
    self.handle_one_request()
    ~~~~~~~~~~~~~~~~~~~~~~~^^
  File "C:\Program Files\Python314\Lib\http\server.py", line 1400, in finish_request
    self.RequestHandlerClass(request, client_address, self,
    ~~~~~~~~~~~~~~~~~~~~~~~~^^^^^^^^^^^^^^^^^^^^^^^^^^^^^^^
                             directory=args.directory)
                             ^^^^^^^^^^^^^^^^^^^^^^^^^
  File "C:\Program Files\Python314\Lib\http\server.py", line 473, in handle_one_request
    method()
    ~~~~~~^^
  File "C:\Program Files\Python314\Lib\http\server.py", line 721, in __init__
    super().__init__(*args, **kwargs)
    ~~~~~~~~~~~~~~~~^^^^^^^^^^^^^^^^^
  File "C:\Program Files\Python314\Lib\socketserver.py", line 766, in __init__
    self.handle()
    ~~~~~~~~~~~^^
  File "C:\Program Files\Python314\Lib\http\server.py", line 728, in do_GET
    self.copyfile(f, self.wfile)
    ~~~~~~~~~~~~~^^^^^^^^^^^^^^^
  File "C:\Program Files\Python314\Lib\http\server.py", line 485, in handle
    self.handle_one_request()
    ~~~~~~~~~~~~~~~~~~~~~~~^^
  File "C:\Program Files\Python314\Lib\http\server.py", line 473, in handle_one_request
    method()
    ~~~~~~^^
  File "C:\Program Files\Python314\Lib\http\server.py", line 931, in copyfile
    shutil.copyfileobj(source, outputfile)
    ~~~~~~~~~~~~~~~~~~^^^^^^^^^^^^^^^^^^^^
  File "C:\Program Files\Python314\Lib\http\server.py", line 728, in do_GET
    self.copyfile(f, self.wfile)
    ~~~~~~~~~~~~~^^^^^^^^^^^^^^^
  File "C:\Program Files\Python314\Lib\shutil.py", line 257, in copyfileobj
    fdst_write(buf)
    ~~~~~~~~~~^^^^^
  File "C:\Program Files\Python314\Lib\socketserver.py", line 845, in write
    self._sock.sendall(b)
    ~~~~~~~~~~~~~~~~~~^^^
ConnectionResetError: [WinError 10054] An existing connection was forcibly closed by the remote host
  File "C:\Program Files\Python314\Lib\http\server.py", line 931, in copyfile
    shutil.copyfileobj(source, outputfile)
    ~~~~~~~~~~~~~~~~~~^^^^^^^^^^^^^^^^^^^^
  File "C:\Program Files\Python314\Lib\shutil.py", line 257, in copyfileobj
    fdst_write(buf)
    ~~~~~~~~~~^^^^^
----------------------------------------
  File "C:\Program Files\Python314\Lib\socketserver.py", line 845, in write
    self._sock.sendall(b)
    ~~~~~~~~~~~~~~~~~~^^^
ConnectionResetError: [WinError 10054] An existing connection was forcibly closed by the remote host
----------------------------------------
127.0.0.1 - - [28/Jul/2026 12:44:24] "GET /assets/about-event-reel.mp4 HTTP/1.1" 200 -
----------------------------------------
127.0.0.1 - - [28/Jul/2026 12:44:24] "GET /assets/about-anniversary-reel.mp4 HTTP/1.1" 200 -
Exception occurred during processing of request from ('127.0.0.1', 56498)
Traceback (most recent call last):
  File "C:\Program Files\Python314\Lib\socketserver.py", line 697, in process_request_thread
    self.finish_request(request, client_address)
    ~~~~~~~~~~~~~~~~~~~^^^^^^^^^^^^^^^^^^^^^^^^^
  File "C:\Program Files\Python314\Lib\http\server.py", line 1400, in finish_request
    self.RequestHandlerClass(request, client_address, self,
    ~~~~~~~~~~~~~~~~~~~~~~~~^^^^^^^^^^^^^^^^^^^^^^^^^^^^^^^
                             directory=args.directory)
                             ^^^^^^^^^^^^^^^^^^^^^^^^^
  File "C:\Program Files\Python314\Lib\http\server.py", line 721, in __init__
    super().__init__(*args, **kwargs)
    ~~~~~~~~~~~~~~~~^^^^^^^^^^^^^^^^^
  File "C:\Program Files\Python314\Lib\socketserver.py", line 766, in __init__
    self.handle()
    ~~~~~~~~~~~^^
  File "C:\Program Files\Python314\Lib\http\server.py", line 485, in handle
    self.handle_one_request()
    ~~~~~~~~~~~~~~~~~~~~~~~^^
  File "C:\Program Files\Python314\Lib\http\server.py", line 473, in handle_one_request
    method()
    ~~~~~~^^
  File "C:\Program Files\Python314\Lib\http\server.py", line 728, in do_GET
    self.copyfile(f, self.wfile)
    ~~~~~~~~~~~~~^^^^^^^^^^^^^^^
  File "C:\Program Files\Python314\Lib\http\server.py", line 931, in copyfile
    shutil.copyfileobj(source, outputfile)
    ~~~~~~~~~~~~~~~~~~^^^^^^^^^^^^^^^^^^^^
  File "C:\Program Files\Python314\Lib\shutil.py", line 257, in copyfileobj
    fdst_write(buf)
    ~~~~~~~~~~^^^^^
  File "C:\Program Files\Python314\Lib\socketserver.py", line 845, in write
    self._sock.sendall(b)
    ~~~~~~~~~~~~~~~~~~^^^
ConnectionResetError: [WinError 10054] An existing connection was forcibly closed by the remote host
----------------------------------------
127.0.0.1 - - [28/Jul/2026 12:44:44] "GET /assets/about-event-reel.mp4 HTTP/1.1" 200 -
127.0.0.1 - - [28/Jul/2026 12:44:44] "GET /assets/about-pizza-sound-reel.mp4 HTTP/1.1" 200 -
127.0.0.1 - - [28/Jul/2026 12:44:51] "GET /assets/about-anniversary-reel.mp4 HTTP/1.1" 200 -
127.0.0.1 - - [28/Jul/2026 12:45:04] "GET /index.html HTTP/1.1" 200 -
127.0.0.1 - - [28/Jul/2026 12:45:04] "GET /assets/catering-1.jpg HTTP/1.1" 200 -
127.0.0.1 - - [28/Jul/2026 12:45:11] "GET /menu.html?v=20260605-11 HTTP/1.1" 200 -
127.0.0.1 - - [28/Jul/2026 12:45:11] "GET /assets/house-pie.png HTTP/1.1" 304 -
----------------------------------------
Exception occurred during processing of request from ('127.0.0.1', 62972)
Traceback (most recent call last):
  File "C:\Program Files\Python314\Lib\socketserver.py", line 697, in process_request_thread
    self.finish_request(request, client_address)
    ~~~~~~~~~~~~~~~~~~~^^^^^^^^^^^^^^^^^^^^^^^^^
  File "C:\Program Files\Python314\Lib\http\server.py", line 1400, in finish_request
    self.RequestHandlerClass(request, client_address, self,
    ~~~~~~~~~~~~~~~~~~~~~~~~^^^^^^^^^^^^^^^^^^^^^^^^^^^^^^^
                             directory=args.directory)
                             ^^^^^^^^^^^^^^^^^^^^^^^^^
  File "C:\Program Files\Python314\Lib\http\server.py", line 721, in __init__
    super().__init__(*args, **kwargs)
    ~~~~~~~~~~~~~~~~^^^^^^^^^^^^^^^^^
  File "C:\Program Files\Python314\Lib\socketserver.py", line 766, in __init__
    self.handle()
    ~~~~~~~~~~~^^
  File "C:\Program Files\Python314\Lib\http\server.py", line 485, in handle
    self.handle_one_request()
    ~~~~~~~~~~~~~~~~~~~~~~~^^
  File "C:\Program Files\Python314\Lib\http\server.py", line 473, in handle_one_request
    method()
    ~~~~~~^^
  File "C:\Program Files\Python314\Lib\http\server.py", line 728, in do_GET
    self.copyfile(f, self.wfile)
    ~~~~~~~~~~~~~^^^^^^^^^^^^^^^
  File "C:\Program Files\Python314\Lib\http\server.py", line 931, in copyfile
    shutil.copyfileobj(source, outputfile)
    ~~~~~~~~~~~~~~~~~~^^^^^^^^^^^^^^^^^^^^
  File "C:\Program Files\Python314\Lib\shutil.py", line 257, in copyfileobj
    fdst_write(buf)
    ~~~~~~~~~~^^^^^
  File "C:\Program Files\Python314\Lib\socketserver.py", line 845, in write
    self._sock.sendall(b)
    ~~~~~~~~~~~~~~~~~~^^^
ConnectionResetError: [WinError 10054] An existing connection was forcibly closed by the remote host
----------------------------------------
127.0.0.1 - - [28/Jul/2026 12:45:15] "GET /assets/pizza-making.mp4 HTTP/1.1" 200 -
127.0.0.1 - - [28/Jul/2026 12:45:26] "GET /index.html HTTP/1.1" 200 -
----------------------------------------
Exception occurred during processing of request from ('127.0.0.1', 60931)
Traceback (most recent call last):
  File "C:\Program Files\Python314\Lib\socketserver.py", line 697, in process_request_thread
    self.finish_request(request, client_address)
    ~~~~~~~~~~~~~~~~~~~^^^^^^^^^^^^^^^^^^^^^^^^^
  File "C:\Program Files\Python314\Lib\http\server.py", line 1400, in finish_request
    self.RequestHandlerClass(request, client_address, self,
    ~~~~~~~~~~~~~~~~~~~~~~~~^^^^^^^^^^^^^^^^^^^^^^^^^^^^^^^
                             directory=args.directory)
                             ^^^^^^^^^^^^^^^^^^^^^^^^^
  File "C:\Program Files\Python314\Lib\http\server.py", line 721, in __init__
    super().__init__(*args, **kwargs)
    ~~~~~~~~~~~~~~~~^^^^^^^^^^^^^^^^^
  File "C:\Program Files\Python314\Lib\socketserver.py", line 766, in __init__
    self.handle()
    ~~~~~~~~~~~^^
  File "C:\Program Files\Python314\Lib\http\server.py", line 485, in handle
    self.handle_one_request()
    ~~~~~~~~~~~~~~~~~~~~~~~^^
  File "C:\Program Files\Python314\Lib\http\server.py", line 473, in handle_one_request
    method()
    ~~~~~~^^
  File "C:\Program Files\Python314\Lib\http\server.py", line 728, in do_GET
    self.copyfile(f, self.wfile)
    ~~~~~~~~~~~~~^^^^^^^^^^^^^^^
  File "C:\Program Files\Python314\Lib\http\server.py", line 931, in copyfile
    shutil.copyfileobj(source, outputfile)
    ~~~~~~~~~~~~~~~~~~^^^^^^^^^^^^^^^^^^^^
  File "C:\Program Files\Python314\Lib\shutil.py", line 257, in copyfileobj
    fdst_write(buf)
    ~~~~~~~~~~^^^^^
  File "C:\Program Files\Python314\Lib\socketserver.py", line 845, in write
    self._sock.sendall(b)
    ~~~~~~~~~~~~~~~~~~^^^
ConnectionResetError: [WinError 10054] An existing connection was forcibly closed by the remote host
----------------------------------------
127.0.0.1 - - [28/Jul/2026 12:45:26] "GET /styles.css?v=20260728-1 HTTP/1.1" 200 -
127.0.0.1 - - [28/Jul/2026 12:45:26] "GET /assets/pizza-making.mp4 HTTP/1.1" 200 -
127.0.0.1 - - [28/Jul/2026 12:46:07] "GET /assets/pizza-making.mp4 HTTP/1.1" 200 -
127.0.0.1 - - [28/Jul/2026 12:46:47] "GET /assets/pizza-making.mp4 HTTP/1.1" 200 -
----------------------------------------
127.0.0.1 - - [28/Jul/2026 12:46:48] "GET /assets/pizza-making.mp4 HTTP/1.1" 200 -
Exception occurred during processing of request from ('127.0.0.1', 59173)
Traceback (most recent call last):
  File "C:\Program Files\Python314\Lib\socketserver.py", line 697, in process_request_thread
    self.finish_request(request, client_address)
    ~~~~~~~~~~~~~~~~~~~^^^^^^^^^^^^^^^^^^^^^^^^^
  File "C:\Program Files\Python314\Lib\http\server.py", line 1400, in finish_request
    self.RequestHandlerClass(request, client_address, self,
    ~~~~~~~~~~~~~~~~~~~~~~~~^^^^^^^^^^^^^^^^^^^^^^^^^^^^^^^
                             directory=args.directory)
                             ^^^^^^^^^^^^^^^^^^^^^^^^^
  File "C:\Program Files\Python314\Lib\http\server.py", line 721, in __init__
    super().__init__(*args, **kwargs)
    ~~~~~~~~~~~~~~~~^^^^^^^^^^^^^^^^^
  File "C:\Program Files\Python314\Lib\socketserver.py", line 766, in __init__
    self.handle()
    ~~~~~~~~~~~^^
  File "C:\Program Files\Python314\Lib\http\server.py", line 485, in handle
    self.handle_one_request()
    ~~~~~~~~~~~~~~~~~~~~~~~^^
  File "C:\Program Files\Python314\Lib\http\server.py", line 473, in handle_one_request
    method()
    ~~~~~~^^
  File "C:\Program Files\Python314\Lib\http\server.py", line 728, in do_GET
    self.copyfile(f, self.wfile)
    ~~~~~~~~~~~~~^^^^^^^^^^^^^^^
  File "C:\Program Files\Python314\Lib\http\server.py", line 931, in copyfile
    shutil.copyfileobj(source, outputfile)
    ~~~~~~~~~~~~~~~~~~^^^^^^^^^^^^^^^^^^^^
  File "C:\Program Files\Python314\Lib\shutil.py", line 257, in copyfileobj
    fdst_write(buf)
    ~~~~~~~~~~^^^^^
  File "C:\Program Files\Python314\Lib\socketserver.py", line 845, in write
    self._sock.sendall(b)
    ~~~~~~~~~~~~~~~~~~^^^
ConnectionAbortedError: [WinError 10053] An established connection was aborted by the software in your host machine
----------------------------------------
----------------------------------------
Exception occurred during processing of request from ('127.0.0.1', 64807)
Traceback (most recent call last):
  File "C:\Program Files\Python314\Lib\socketserver.py", line 697, in process_request_thread
    self.finish_request(request, client_address)
    ~~~~~~~~~~~~~~~~~~~^^^^^^^^^^^^^^^^^^^^^^^^^
  File "C:\Program Files\Python314\Lib\http\server.py", line 1400, in finish_request
    self.RequestHandlerClass(request, client_address, self,
    ~~~~~~~~~~~~~~~~~~~~~~~~^^^^^^^^^^^^^^^^^^^^^^^^^^^^^^^
                             directory=args.directory)
                             ^^^^^^^^^^^^^^^^^^^^^^^^^
  File "C:\Program Files\Python314\Lib\http\server.py", line 721, in __init__
    super().__init__(*args, **kwargs)
    ~~~~~~~~~~~~~~~~^^^^^^^^^^^^^^^^^
  File "C:\Program Files\Python314\Lib\socketserver.py", line 766, in __init__
    self.handle()
    ~~~~~~~~~~~^^
  File "C:\Program Files\Python314\Lib\http\server.py", line 485, in handle
    self.handle_one_request()
    ~~~~~~~~~~~~~~~~~~~~~~~^^
  File "C:\Program Files\Python314\Lib\http\server.py", line 473, in handle_one_request
    method()
    ~~~~~~^^
  File "C:\Program Files\Python314\Lib\http\server.py", line 728, in do_GET
    self.copyfile(f, self.wfile)
    ~~~~~~~~~~~~~^^^^^^^^^^^^^^^
  File "C:\Program Files\Python314\Lib\http\server.py", line 931, in copyfile
    shutil.copyfileobj(source, outputfile)
    ~~~~~~~~~~~~~~~~~~^^^^^^^^^^^^^^^^^^^^
  File "C:\Program Files\Python314\Lib\shutil.py", line 257, in copyfileobj
    fdst_write(buf)
    ~~~~~~~~~~^^^^^
  File "C:\Program Files\Python314\Lib\socketserver.py", line 845, in write
    self._sock.sendall(b)
    ~~~~~~~~~~~~~~~~~~^^^
ConnectionResetError: [WinError 10054] An existing connection was forcibly closed by the remote host
----------------------------------------
127.0.0.1 - - [28/Jul/2026 12:46:55] "GET /assets/pizza-making.mp4 HTTP/1.1" 200 -
127.0.0.1 - - [28/Jul/2026 12:47:28] "GET /assets/pizza-making.mp4 HTTP/1.1" 200 -
----------------------------------------
Exception occurred during processing of request from ('127.0.0.1', 58255)
Traceback (most recent call last):
  File "C:\Program Files\Python314\Lib\socketserver.py", line 697, in process_request_thread
    self.finish_request(request, client_address)
    ~~~~~~~~~~~~~~~~~~~^^^^^^^^^^^^^^^^^^^^^^^^^
  File "C:\Program Files\Python314\Lib\http\server.py", line 1400, in finish_request
    self.RequestHandlerClass(request, client_address, self,
    ~~~~~~~~~~~~~~~~~~~~~~~~^^^^^^^^^^^^^^^^^^^^^^^^^^^^^^^
                             directory=args.directory)
                             ^^^^^^^^^^^^^^^^^^^^^^^^^
  File "C:\Program Files\Python314\Lib\http\server.py", line 721, in __init__
    super().__init__(*args, **kwargs)
    ~~~~~~~~~~~~~~~~^^^^^^^^^^^^^^^^^
127.0.0.1 - - [28/Jul/2026 12:47:28] "GET /assets/pizza-making.mp4 HTTP/1.1" 200 -
  File "C:\Program Files\Python314\Lib\socketserver.py", line 766, in __init__
    self.handle()
    ~~~~~~~~~~~^^
  File "C:\Program Files\Python314\Lib\http\server.py", line 485, in handle
    self.handle_one_request()
    ~~~~~~~~~~~~~~~~~~~~~~~^^
  File "C:\Program Files\Python314\Lib\http\server.py", line 473, in handle_one_request
    method()
    ~~~~~~^^
  File "C:\Program Files\Python314\Lib\http\server.py", line 728, in do_GET
    self.copyfile(f, self.wfile)
    ~~~~~~~~~~~~~^^^^^^^^^^^^^^^
  File "C:\Program Files\Python314\Lib\http\server.py", line 931, in copyfile
    shutil.copyfileobj(source, outputfile)
    ~~~~~~~~~~~~~~~~~~^^^^^^^^^^^^^^^^^^^^
  File "C:\Program Files\Python314\Lib\shutil.py", line 257, in copyfileobj
    fdst_write(buf)
    ~~~~~~~~~~^^^^^
  File "C:\Program Files\Python314\Lib\socketserver.py", line 845, in write
    self._sock.sendall(b)
    ~~~~~~~~~~~~~~~~~~^^^
ConnectionAbortedError: [WinError 10053] An established connection was aborted by the software in your host machine
----------------------------------------
----------------------------------------
Exception occurred during processing of request from ('127.0.0.1', 49671)
Traceback (most recent call last):
  File "C:\Program Files\Python314\Lib\socketserver.py", line 697, in process_request_thread
    self.finish_request(request, client_address)
    ~~~~~~~~~~~~~~~~~~~^^^^^^^^^^^^^^^^^^^^^^^^^
  File "C:\Program Files\Python314\Lib\http\server.py", line 1400, in finish_request
    self.RequestHandlerClass(request, client_address, self,
    ~~~~~~~~~~~~~~~~~~~~~~~~^^^^^^^^^^^^^^^^^^^^^^^^^^^^^^^
                             directory=args.directory)
                             ^^^^^^^^^^^^^^^^^^^^^^^^^
  File "C:\Program Files\Python314\Lib\http\server.py", line 721, in __init__
    super().__init__(*args, **kwargs)
    ~~~~~~~~~~~~~~~~^^^^^^^^^^^^^^^^^
  File "C:\Program Files\Python314\Lib\socketserver.py", line 766, in __init__
    self.handle()
    ~~~~~~~~~~~^^
  File "C:\Program Files\Python314\Lib\http\server.py", line 485, in handle
    self.handle_one_request()
    ~~~~~~~~~~~~~~~~~~~~~~~^^
  File "C:\Program Files\Python314\Lib\http\server.py", line 473, in handle_one_request
    method()
    ~~~~~~^^
  File "C:\Program Files\Python314\Lib\http\server.py", line 728, in do_GET
    self.copyfile(f, self.wfile)
    ~~~~~~~~~~~~~^^^^^^^^^^^^^^^
  File "C:\Program Files\Python314\Lib\http\server.py", line 931, in copyfile
    shutil.copyfileobj(source, outputfile)
    ~~~~~~~~~~~~~~~~~~^^^^^^^^^^^^^^^^^^^^
  File "C:\Program Files\Python314\Lib\shutil.py", line 257, in copyfileobj
    fdst_write(buf)
    ~~~~~~~~~~^^^^^
  File "C:\Program Files\Python314\Lib\socketserver.py", line 845, in write
    self._sock.sendall(b)
    ~~~~~~~~~~~~~~~~~~^^^
ConnectionResetError: [WinError 10054] An existing connection was forcibly closed by the remote host
----------------------------------------
127.0.0.1 - - [28/Jul/2026 12:47:37] "GET /assets/pizza-making.mp4 HTTP/1.1" 200 -
127.0.0.1 - - [28/Jul/2026 12:48:09] "GET /assets/pizza-making.mp4 HTTP/1.1" 200 -
127.0.0.1 - - [28/Jul/2026 12:48:09] "GET /assets/pizza-making.mp4 HTTP/1.1" 200 -
----------------------------------------
Exception occurred during processing of request from ('127.0.0.1', 49854)
Traceback (most recent call last):
  File "C:\Program Files\Python314\Lib\socketserver.py", line 697, in process_request_thread
    self.finish_request(request, client_address)
    ~~~~~~~~~~~~~~~~~~~^^^^^^^^^^^^^^^^^^^^^^^^^
  File "C:\Program Files\Python314\Lib\http\server.py", line 1400, in finish_request
    self.RequestHandlerClass(request, client_address, self,
    ~~~~~~~~~~~~~~~~~~~~~~~~^^^^^^^^^^^^^^^^^^^^^^^^^^^^^^^
                             directory=args.directory)
                             ^^^^^^^^^^^^^^^^^^^^^^^^^
  File "C:\Program Files\Python314\Lib\http\server.py", line 721, in __init__
    super().__init__(*args, **kwargs)
    ~~~~~~~~~~~~~~~~^^^^^^^^^^^^^^^^^
  File "C:\Program Files\Python314\Lib\socketserver.py", line 766, in __init__
    self.handle()
    ~~~~~~~~~~~^^
  File "C:\Program Files\Python314\Lib\http\server.py", line 485, in handle
    self.handle_one_request()
    ~~~~~~~~~~~~~~~~~~~~~~~^^
  File "C:\Program Files\Python314\Lib\http\server.py", line 473, in handle_one_request
    method()
    ~~~~~~^^
  File "C:\Program Files\Python314\Lib\http\server.py", line 728, in do_GET
    self.copyfile(f, self.wfile)
    ~~~~~~~~~~~~~^^^^^^^^^^^^^^^
  File "C:\Program Files\Python314\Lib\http\server.py", line 931, in copyfile
    shutil.copyfileobj(source, outputfile)
    ~~~~~~~~~~~~~~~~~~^^^^^^^^^^^^^^^^^^^^
  File "C:\Program Files\Python314\Lib\shutil.py", line 257, in copyfileobj
    fdst_write(buf)
    ~~~~~~~~~~^^^^^
  File "C:\Program Files\Python314\Lib\socketserver.py", line 845, in write
    self._sock.sendall(b)
    ~~~~~~~~~~~~~~~~~~^^^
ConnectionResetError: [WinError 10054] An existing connection was forcibly closed by the remote host
----------------------------------------
127.0.0.1 - - [28/Jul/2026 12:48:49] "GET /assets/pizza-making.mp4 HTTP/1.1" 200 -
----------------------------------------
127.0.0.1 - - [28/Jul/2026 12:48:49] "GET /assets/pizza-making.mp4 HTTP/1.1" 200 -
Exception occurred during processing of request from ('127.0.0.1', 52540)
Traceback (most recent call last):
  File "C:\Program Files\Python314\Lib\socketserver.py", line 697, in process_request_thread
    self.finish_request(request, client_address)
    ~~~~~~~~~~~~~~~~~~~^^^^^^^^^^^^^^^^^^^^^^^^^
  File "C:\Program Files\Python314\Lib\http\server.py", line 1400, in finish_request
    self.RequestHandlerClass(request, client_address, self,
    ~~~~~~~~~~~~~~~~~~~~~~~~^^^^^^^^^^^^^^^^^^^^^^^^^^^^^^^
                             directory=args.directory)
                             ^^^^^^^^^^^^^^^^^^^^^^^^^
  File "C:\Program Files\Python314\Lib\http\server.py", line 721, in __init__
    super().__init__(*args, **kwargs)
    ~~~~~~~~~~~~~~~~^^^^^^^^^^^^^^^^^
  File "C:\Program Files\Python314\Lib\socketserver.py", line 766, in __init__
    self.handle()
    ~~~~~~~~~~~^^
  File "C:\Program Files\Python314\Lib\http\server.py", line 485, in handle
    self.handle_one_request()
    ~~~~~~~~~~~~~~~~~~~~~~~^^
  File "C:\Program Files\Python314\Lib\http\server.py", line 473, in handle_one_request
    method()
    ~~~~~~^^
  File "C:\Program Files\Python314\Lib\http\server.py", line 728, in do_GET
    self.copyfile(f, self.wfile)
    ~~~~~~~~~~~~~^^^^^^^^^^^^^^^
  File "C:\Program Files\Python314\Lib\http\server.py", line 931, in copyfile
    shutil.copyfileobj(source, outputfile)
    ~~~~~~~~~~~~~~~~~~^^^^^^^^^^^^^^^^^^^^
  File "C:\Program Files\Python314\Lib\shutil.py", line 257, in copyfileobj
    fdst_write(buf)
    ~~~~~~~~~~^^^^^
  File "C:\Program Files\Python314\Lib\socketserver.py", line 845, in write
    self._sock.sendall(b)
    ~~~~~~~~~~~~~~~~~~^^^
ConnectionAbortedError: [WinError 10053] An established connection was aborted by the software in your host machine
----------------------------------------
----------------------------------------
Exception occurred during processing of request from ('127.0.0.1', 64359)
Traceback (most recent call last):
  File "C:\Program Files\Python314\Lib\socketserver.py", line 697, in process_request_thread
    self.finish_request(request, client_address)
    ~~~~~~~~~~~~~~~~~~~^^^^^^^^^^^^^^^^^^^^^^^^^
  File "C:\Program Files\Python314\Lib\http\server.py", line 1400, in finish_request
    self.RequestHandlerClass(request, client_address, self,
    ~~~~~~~~~~~~~~~~~~~~~~~~^^^^^^^^^^^^^^^^^^^^^^^^^^^^^^^
                             directory=args.directory)
                             ^^^^^^^^^^^^^^^^^^^^^^^^^
  File "C:\Program Files\Python314\Lib\http\server.py", line 721, in __init__
    super().__init__(*args, **kwargs)
    ~~~~~~~~~~~~~~~~^^^^^^^^^^^^^^^^^
  File "C:\Program Files\Python314\Lib\socketserver.py", line 766, in __init__
    self.handle()
    ~~~~~~~~~~~^^
  File "C:\Program Files\Python314\Lib\http\server.py", line 485, in handle
    self.handle_one_request()
    ~~~~~~~~~~~~~~~~~~~~~~~^^
  File "C:\Program Files\Python314\Lib\http\server.py", line 473, in handle_one_request
    method()
    ~~~~~~^^
  File "C:\Program Files\Python314\Lib\http\server.py", line 728, in do_GET
    self.copyfile(f, self.wfile)
    ~~~~~~~~~~~~~^^^^^^^^^^^^^^^
  File "C:\Program Files\Python314\Lib\http\server.py", line 931, in copyfile
    shutil.copyfileobj(source, outputfile)
    ~~~~~~~~~~~~~~~~~~^^^^^^^^^^^^^^^^^^^^
  File "C:\Program Files\Python314\Lib\shutil.py", line 257, in copyfileobj
    fdst_write(buf)
    ~~~~~~~~~~^^^^^
  File "C:\Program Files\Python314\Lib\socketserver.py", line 845, in write
    self._sock.sendall(b)
    ~~~~~~~~~~~~~~~~~~^^^
ConnectionAbortedError: [WinError 10053] An established connection was aborted by the software in your host machine
----------------------------------------
127.0.0.1 - - [28/Jul/2026 12:48:59] "GET /assets/pizza-making.mp4 HTTP/1.1" 200 -
127.0.0.1 - - [28/Jul/2026 12:49:30] "GET /assets/pizza-making.mp4 HTTP/1.1" 200 -
----------------------------------------
127.0.0.1 - - [28/Jul/2026 12:49:30] "GET /assets/pizza-making.mp4 HTTP/1.1" 200 -
Exception occurred during processing of request from ('127.0.0.1', 61492)
Traceback (most recent call last):
  File "C:\Program Files\Python314\Lib\socketserver.py", line 697, in process_request_thread
    self.finish_request(request, client_address)
    ~~~~~~~~~~~~~~~~~~~^^^^^^^^^^^^^^^^^^^^^^^^^
  File "C:\Program Files\Python314\Lib\http\server.py", line 1400, in finish_request
    self.RequestHandlerClass(request, client_address, self,
    ~~~~~~~~~~~~~~~~~~~~~~~~^^^^^^^^^^^^^^^^^^^^^^^^^^^^^^^
                             directory=args.directory)
                             ^^^^^^^^^^^^^^^^^^^^^^^^^
  File "C:\Program Files\Python314\Lib\http\server.py", line 721, in __init__
    super().__init__(*args, **kwargs)
    ~~~~~~~~~~~~~~~~^^^^^^^^^^^^^^^^^
  File "C:\Program Files\Python314\Lib\socketserver.py", line 766, in __init__
    self.handle()
    ~~~~~~~~~~~^^
  File "C:\Program Files\Python314\Lib\http\server.py", line 485, in handle
    self.handle_one_request()
    ~~~~~~~~~~~~~~~~~~~~~~~^^
  File "C:\Program Files\Python314\Lib\http\server.py", line 473, in handle_one_request
    method()
    ~~~~~~^^
  File "C:\Program Files\Python314\Lib\http\server.py", line 728, in do_GET
    self.copyfile(f, self.wfile)
    ~~~~~~~~~~~~~^^^^^^^^^^^^^^^
  File "C:\Program Files\Python314\Lib\http\server.py", line 931, in copyfile
    shutil.copyfileobj(source, outputfile)
    ~~~~~~~~~~~~~~~~~~^^^^^^^^^^^^^^^^^^^^
  File "C:\Program Files\Python314\Lib\shutil.py", line 257, in copyfileobj
    fdst_write(buf)
    ~~~~~~~~~~^^^^^
  File "C:\Program Files\Python314\Lib\socketserver.py", line 845, in write
    self._sock.sendall(b)
    ~~~~~~~~~~~~~~~~~~^^^
ConnectionAbortedError: [WinError 10053] An established connection was aborted by the software in your host machine
----------------------------------------
127.0.0.1 - - [28/Jul/2026 12:50:10] "GET /assets/pizza-making.mp4 HTTP/1.1" 200 -
----------------------------------------
127.0.0.1 - - [28/Jul/2026 12:50:11] "GET /assets/pizza-making.mp4 HTTP/1.1" 200 -
Exception occurred during processing of request from ('127.0.0.1', 49797)
Traceback (most recent call last):
  File "C:\Program Files\Python314\Lib\socketserver.py", line 697, in process_request_thread
    self.finish_request(request, client_address)
    ~~~~~~~~~~~~~~~~~~~^^^^^^^^^^^^^^^^^^^^^^^^^
  File "C:\Program Files\Python314\Lib\http\server.py", line 1400, in finish_request
    self.RequestHandlerClass(request, client_address, self,
    ~~~~~~~~~~~~~~~~~~~~~~~~^^^^^^^^^^^^^^^^^^^^^^^^^^^^^^^
                             directory=args.directory)
                             ^^^^^^^^^^^^^^^^^^^^^^^^^
  File "C:\Program Files\Python314\Lib\http\server.py", line 721, in __init__
    super().__init__(*args, **kwargs)
    ~~~~~~~~~~~~~~~~^^^^^^^^^^^^^^^^^
  File "C:\Program Files\Python314\Lib\socketserver.py", line 766, in __init__
    self.handle()
    ~~~~~~~~~~~^^
  File "C:\Program Files\Python314\Lib\http\server.py", line 485, in handle
    self.handle_one_request()
    ~~~~~~~~~~~~~~~~~~~~~~~^^
  File "C:\Program Files\Python314\Lib\http\server.py", line 473, in handle_one_request
    method()
    ~~~~~~^^
  File "C:\Program Files\Python314\Lib\http\server.py", line 728, in do_GET
    self.copyfile(f, self.wfile)
    ~~~~~~~~~~~~~^^^^^^^^^^^^^^^
  File "C:\Program Files\Python314\Lib\http\server.py", line 931, in copyfile
    shutil.copyfileobj(source, outputfile)
    ~~~~~~~~~~~~~~~~~~^^^^^^^^^^^^^^^^^^^^
  File "C:\Program Files\Python314\Lib\shutil.py", line 257, in copyfileobj
    fdst_write(buf)
    ~~~~~~~~~~^^^^^
  File "C:\Program Files\Python314\Lib\socketserver.py", line 845, in write
    self._sock.sendall(b)
    ~~~~~~~~~~~~~~~~~~^^^
ConnectionAbortedError: [WinError 10053] An established connection was aborted by the software in your host machine
----------------------------------------
----------------------------------------
Exception occurred during processing of request from ('127.0.0.1', 54127)
Traceback (most recent call last):
  File "C:\Program Files\Python314\Lib\socketserver.py", line 697, in process_request_thread
    self.finish_request(request, client_address)
    ~~~~~~~~~~~~~~~~~~~^^^^^^^^^^^^^^^^^^^^^^^^^
  File "C:\Program Files\Python314\Lib\http\server.py", line 1400, in finish_request
    self.RequestHandlerClass(request, client_address, self,
    ~~~~~~~~~~~~~~~~~~~~~~~~^^^^^^^^^^^^^^^^^^^^^^^^^^^^^^^
                             directory=args.directory)
                             ^^^^^^^^^^^^^^^^^^^^^^^^^
  File "C:\Program Files\Python314\Lib\http\server.py", line 721, in __init__
    super().__init__(*args, **kwargs)
    ~~~~~~~~~~~~~~~~^^^^^^^^^^^^^^^^^
  File "C:\Program Files\Python314\Lib\socketserver.py", line 766, in __init__
    self.handle()
    ~~~~~~~~~~~^^
  File "C:\Program Files\Python314\Lib\http\server.py", line 485, in handle
    self.handle_one_request()
    ~~~~~~~~~~~~~~~~~~~~~~~^^
  File "C:\Program Files\Python314\Lib\http\server.py", line 473, in handle_one_request
    method()
    ~~~~~~^^
  File "C:\Program Files\Python314\Lib\http\server.py", line 728, in do_GET
    self.copyfile(f, self.wfile)
    ~~~~~~~~~~~~~^^^^^^^^^^^^^^^
  File "C:\Program Files\Python314\Lib\http\server.py", line 931, in copyfile
    shutil.copyfileobj(source, outputfile)
    ~~~~~~~~~~~~~~~~~~^^^^^^^^^^^^^^^^^^^^
  File "C:\Program Files\Python314\Lib\shutil.py", line 257, in copyfileobj
    fdst_write(buf)
    ~~~~~~~~~~^^^^^
  File "C:\Program Files\Python314\Lib\socketserver.py", line 845, in write
    self._sock.sendall(b)
    ~~~~~~~~~~~~~~~~~~^^^
ConnectionAbortedError: [WinError 10053] An established connection was aborted by the software in your host machine
----------------------------------------
127.0.0.1 - - [28/Jul/2026 12:50:20] "GET /assets/pizza-making.mp4 HTTP/1.1" 200 -
127.0.0.1 - - [28/Jul/2026 12:50:51] "GET /assets/pizza-making.mp4 HTTP/1.1" 200 -
----------------------------------------
127.0.0.1 - - [28/Jul/2026 12:50:51] "GET /assets/pizza-making.mp4 HTTP/1.1" 200 -
Exception occurred during processing of request from ('127.0.0.1', 63848)
Traceback (most recent call last):
  File "C:\Program Files\Python314\Lib\socketserver.py", line 697, in process_request_thread
    self.finish_request(request, client_address)
    ~~~~~~~~~~~~~~~~~~~^^^^^^^^^^^^^^^^^^^^^^^^^
  File "C:\Program Files\Python314\Lib\http\server.py", line 1400, in finish_request
    self.RequestHandlerClass(request, client_address, self,
    ~~~~~~~~~~~~~~~~~~~~~~~~^^^^^^^^^^^^^^^^^^^^^^^^^^^^^^^
                             directory=args.directory)
                             ^^^^^^^^^^^^^^^^^^^^^^^^^
  File "C:\Program Files\Python314\Lib\http\server.py", line 721, in __init__
    super().__init__(*args, **kwargs)
    ~~~~~~~~~~~~~~~~^^^^^^^^^^^^^^^^^
  File "C:\Program Files\Python314\Lib\socketserver.py", line 766, in __init__
    self.handle()
    ~~~~~~~~~~~^^
  File "C:\Program Files\Python314\Lib\http\server.py", line 485, in handle
    self.handle_one_request()
    ~~~~~~~~~~~~~~~~~~~~~~~^^
  File "C:\Program Files\Python314\Lib\http\server.py", line 473, in handle_one_request
    method()
    ~~~~~~^^
  File "C:\Program Files\Python314\Lib\http\server.py", line 728, in do_GET
    self.copyfile(f, self.wfile)
    ~~~~~~~~~~~~~^^^^^^^^^^^^^^^
  File "C:\Program Files\Python314\Lib\http\server.py", line 931, in copyfile
    shutil.copyfileobj(source, outputfile)
    ~~~~~~~~~~~~~~~~~~^^^^^^^^^^^^^^^^^^^^
  File "C:\Program Files\Python314\Lib\shutil.py", line 257, in copyfileobj
    fdst_write(buf)
    ~~~~~~~~~~^^^^^
  File "C:\Program Files\Python314\Lib\socketserver.py", line 845, in write
    self._sock.sendall(b)
    ~~~~~~~~~~~~~~~~~~^^^
ConnectionAbortedError: [WinError 10053] An established connection was aborted by the software in your host machine
----------------------------------------
----------------------------------------
Exception occurred during processing of request from ('127.0.0.1', 50783)
Traceback (most recent call last):
  File "C:\Program Files\Python314\Lib\socketserver.py", line 697, in process_request_thread
    self.finish_request(request, client_address)
    ~~~~~~~~~~~~~~~~~~~^^^^^^^^^^^^^^^^^^^^^^^^^
  File "C:\Program Files\Python314\Lib\http\server.py", line 1400, in finish_request
    self.RequestHandlerClass(request, client_address, self,
    ~~~~~~~~~~~~~~~~~~~~~~~~^^^^^^^^^^^^^^^^^^^^^^^^^^^^^^^
                             directory=args.directory)
                             ^^^^^^^^^^^^^^^^^^^^^^^^^
  File "C:\Program Files\Python314\Lib\http\server.py", line 721, in __init__
    super().__init__(*args, **kwargs)
    ~~~~~~~~~~~~~~~~^^^^^^^^^^^^^^^^^
  File "C:\Program Files\Python314\Lib\socketserver.py", line 766, in __init__
    self.handle()
    ~~~~~~~~~~~^^
  File "C:\Program Files\Python314\Lib\http\server.py", line 485, in handle
    self.handle_one_request()
    ~~~~~~~~~~~~~~~~~~~~~~~^^
  File "C:\Program Files\Python314\Lib\http\server.py", line 473, in handle_one_request
    method()
    ~~~~~~^^
  File "C:\Program Files\Python314\Lib\http\server.py", line 728, in do_GET
    self.copyfile(f, self.wfile)
    ~~~~~~~~~~~~~^^^^^^^^^^^^^^^
  File "C:\Program Files\Python314\Lib\http\server.py", line 931, in copyfile
    shutil.copyfileobj(source, outputfile)
    ~~~~~~~~~~~~~~~~~~^^^^^^^^^^^^^^^^^^^^
  File "C:\Program Files\Python314\Lib\shutil.py", line 257, in copyfileobj
    fdst_write(buf)
    ~~~~~~~~~~^^^^^
  File "C:\Program Files\Python314\Lib\socketserver.py", line 845, in write
    self._sock.sendall(b)
    ~~~~~~~~~~~~~~~~~~^^^
ConnectionAbortedError: [WinError 10053] An established connection was aborted by the software in your host machine
----------------------------------------
127.0.0.1 - - [28/Jul/2026 12:51:01] "GET /assets/pizza-making.mp4 HTTP/1.1" 200 -
127.0.0.1 - - [28/Jul/2026 12:51:32] "GET /assets/pizza-making.mp4 HTTP/1.1" 200 -
----------------------------------------
127.0.0.1 - - [28/Jul/2026 12:51:32] "GET /assets/pizza-making.mp4 HTTP/1.1" 200 -
Exception occurred during processing of request from ('127.0.0.1', 51658)
Traceback (most recent call last):
  File "C:\Program Files\Python314\Lib\socketserver.py", line 697, in process_request_thread
    self.finish_request(request, client_address)
    ~~~~~~~~~~~~~~~~~~~^^^^^^^^^^^^^^^^^^^^^^^^^
  File "C:\Program Files\Python314\Lib\http\server.py", line 1400, in finish_request
    self.RequestHandlerClass(request, client_address, self,
    ~~~~~~~~~~~~~~~~~~~~~~~~^^^^^^^^^^^^^^^^^^^^^^^^^^^^^^^
                             directory=args.directory)
                             ^^^^^^^^^^^^^^^^^^^^^^^^^
  File "C:\Program Files\Python314\Lib\http\server.py", line 721, in __init__
    super().__init__(*args, **kwargs)
    ~~~~~~~~~~~~~~~~^^^^^^^^^^^^^^^^^
  File "C:\Program Files\Python314\Lib\socketserver.py", line 766, in __init__
    self.handle()
    ~~~~~~~~~~~^^
  File "C:\Program Files\Python314\Lib\http\server.py", line 485, in handle
    self.handle_one_request()
    ~~~~~~~~~~~~~~~~~~~~~~~^^
  File "C:\Program Files\Python314\Lib\http\server.py", line 473, in handle_one_request
    method()
    ~~~~~~^^
  File "C:\Program Files\Python314\Lib\http\server.py", line 728, in do_GET
    self.copyfile(f, self.wfile)
    ~~~~~~~~~~~~~^^^^^^^^^^^^^^^
  File "C:\Program Files\Python314\Lib\http\server.py", line 931, in copyfile
    shutil.copyfileobj(source, outputfile)
    ~~~~~~~~~~~~~~~~~~^^^^^^^^^^^^^^^^^^^^
  File "C:\Program Files\Python314\Lib\shutil.py", line 257, in copyfileobj
    fdst_write(buf)
    ~~~~~~~~~~^^^^^
  File "C:\Program Files\Python314\Lib\socketserver.py", line 845, in write
    self._sock.sendall(b)
    ~~~~~~~~~~~~~~~~~~^^^
ConnectionAbortedError: [WinError 10053] An established connection was aborted by the software in your host machine
----------------------------------------
127.0.0.1 - - [28/Jul/2026 12:52:13] "GET /assets/pizza-making.mp4 HTTP/1.1" 200 -
----------------------------------------
127.0.0.1 - - [28/Jul/2026 12:52:13] "GET /assets/pizza-making.mp4 HTTP/1.1" 200 -
Exception occurred during processing of request from ('127.0.0.1', 58533)
Traceback (most recent call last):
  File "C:\Program Files\Python314\Lib\socketserver.py", line 697, in process_request_thread
    self.finish_request(request, client_address)
    ~~~~~~~~~~~~~~~~~~~^^^^^^^^^^^^^^^^^^^^^^^^^
  File "C:\Program Files\Python314\Lib\http\server.py", line 1400, in finish_request
    self.RequestHandlerClass(request, client_address, self,
    ~~~~~~~~~~~~~~~~~~~~~~~~^^^^^^^^^^^^^^^^^^^^^^^^^^^^^^^
                             directory=args.directory)
                             ^^^^^^^^^^^^^^^^^^^^^^^^^
  File "C:\Program Files\Python314\Lib\http\server.py", line 721, in __init__
    super().__init__(*args, **kwargs)
    ~~~~~~~~~~~~~~~~^^^^^^^^^^^^^^^^^
  File "C:\Program Files\Python314\Lib\socketserver.py", line 766, in __init__
    self.handle()
    ~~~~~~~~~~~^^
  File "C:\Program Files\Python314\Lib\http\server.py", line 485, in handle
    self.handle_one_request()
    ~~~~~~~~~~~~~~~~~~~~~~~^^
  File "C:\Program Files\Python314\Lib\http\server.py", line 473, in handle_one_request
    method()
    ~~~~~~^^
  File "C:\Program Files\Python314\Lib\http\server.py", line 728, in do_GET
    self.copyfile(f, self.wfile)
    ~~~~~~~~~~~~~^^^^^^^^^^^^^^^
  File "C:\Program Files\Python314\Lib\http\server.py", line 931, in copyfile
    shutil.copyfileobj(source, outputfile)
    ~~~~~~~~~~~~~~~~~~^^^^^^^^^^^^^^^^^^^^
  File "C:\Program Files\Python314\Lib\shutil.py", line 257, in copyfileobj
    fdst_write(buf)
    ~~~~~~~~~~^^^^^
  File "C:\Program Files\Python314\Lib\socketserver.py", line 845, in write
    self._sock.sendall(b)
    ~~~~~~~~~~~~~~~~~~^^^
ConnectionResetError: [WinError 10054] An existing connection was forcibly closed by the remote host
----------------------------------------
----------------------------------------
Exception occurred during processing of request from ('127.0.0.1', 55405)
Traceback (most recent call last):
  File "C:\Program Files\Python314\Lib\socketserver.py", line 697, in process_request_thread
    self.finish_request(request, client_address)
    ~~~~~~~~~~~~~~~~~~~^^^^^^^^^^^^^^^^^^^^^^^^^
  File "C:\Program Files\Python314\Lib\http\server.py", line 1400, in finish_request
    self.RequestHandlerClass(request, client_address, self,
    ~~~~~~~~~~~~~~~~~~~~~~~~^^^^^^^^^^^^^^^^^^^^^^^^^^^^^^^
                             directory=args.directory)
                             ^^^^^^^^^^^^^^^^^^^^^^^^^
  File "C:\Program Files\Python314\Lib\http\server.py", line 721, in __init__
    super().__init__(*args, **kwargs)
    ~~~~~~~~~~~~~~~~^^^^^^^^^^^^^^^^^
  File "C:\Program Files\Python314\Lib\socketserver.py", line 766, in __init__
    self.handle()
    ~~~~~~~~~~~^^
  File "C:\Program Files\Python314\Lib\http\server.py", line 485, in handle
    self.handle_one_request()
    ~~~~~~~~~~~~~~~~~~~~~~~^^
  File "C:\Program Files\Python314\Lib\http\server.py", line 473, in handle_one_request
    method()
    ~~~~~~^^
  File "C:\Program Files\Python314\Lib\http\server.py", line 728, in do_GET
    self.copyfile(f, self.wfile)
    ~~~~~~~~~~~~~^^^^^^^^^^^^^^^
  File "C:\Program Files\Python314\Lib\http\server.py", line 931, in copyfile
    shutil.copyfileobj(source, outputfile)
    ~~~~~~~~~~~~~~~~~~^^^^^^^^^^^^^^^^^^^^
  File "C:\Program Files\Python314\Lib\shutil.py", line 257, in copyfileobj
    fdst_write(buf)
    ~~~~~~~~~~^^^^^
  File "C:\Program Files\Python314\Lib\socketserver.py", line 845, in write
    self._sock.sendall(b)
    ~~~~~~~~~~~~~~~~~~^^^
ConnectionResetError: [WinError 10054] An existing connection was forcibly closed by the remote host
----------------------------------------
127.0.0.1 - - [28/Jul/2026 12:52:22] "GET /assets/pizza-making.mp4 HTTP/1.1" 200 -
127.0.0.1 - - [28/Jul/2026 12:52:53] "GET /assets/pizza-making.mp4 HTTP/1.1" 200 -
----------------------------------------
Exception occurred during processing of request from ('127.0.0.1', 50568)
Traceback (most recent call last):
  File "C:\Program Files\Python314\Lib\socketserver.py", line 697, in process_request_thread
    self.finish_request(request, client_address)
    ~~~~~~~~~~~~~~~~~~~^^^^^^^^^^^^^^^^^^^^^^^^^
  File "C:\Program Files\Python314\Lib\http\server.py", line 1400, in finish_request
    self.RequestHandlerClass(request, client_address, self,
    ~~~~~~~~~~~~~~~~~~~~~~~~^^^^^^^^^^^^^^^^^^^^^^^^^^^^^^^
                             directory=args.directory)
                             ^^^^^^^^^^^^^^^^^^^^^^^^^
  File "C:\Program Files\Python314\Lib\http\server.py", line 721, in __init__
    super().__init__(*args, **kwargs)
    ~~~~~~~~~~~~~~~~^^^^^^^^^^^^^^^^^
  File "C:\Program Files\Python314\Lib\socketserver.py", line 766, in __init__
    self.handle()
    ~~~~~~~~~~~^^
  File "C:\Program Files\Python314\Lib\http\server.py", line 485, in handle
    self.handle_one_request()
    ~~~~~~~~~~~~~~~~~~~~~~~^^
  File "C:\Program Files\Python314\Lib\http\server.py", line 473, in handle_one_request
    method()
    ~~~~~~^^
  File "C:\Program Files\Python314\Lib\http\server.py", line 728, in do_GET
    self.copyfile(f, self.wfile)
    ~~~~~~~~~~~~~^^^^^^^^^^^^^^^
  File "C:\Program Files\Python314\Lib\http\server.py", line 931, in copyfile
    shutil.copyfileobj(source, outputfile)
    ~~~~~~~~~~~~~~~~~~^^^^^^^^^^^^^^^^^^^^
  File "C:\Program Files\Python314\Lib\shutil.py", line 257, in copyfileobj
    fdst_write(buf)
    ~~~~~~~~~~^^^^^
  File "C:\Program Files\Python314\Lib\socketserver.py", line 845, in write
    self._sock.sendall(b)
    ~~~~~~~~~~~~~~~~~~^^^
ConnectionAbortedError: [WinError 10053] An established connection was aborted by the software in your host machine
----------------------------------------
127.0.0.1 - - [28/Jul/2026 12:53:03] "GET /assets/pizza-making.mp4 HTTP/1.1" 200 -
127.0.0.1 - - [28/Jul/2026 12:53:34] "GET /assets/pizza-making.mp4 HTTP/1.1" 200 -
----------------------------------------
127.0.0.1 - - [28/Jul/2026 12:53:34] "GET /assets/pizza-making.mp4 HTTP/1.1" 200 -
Exception occurred during processing of request from ('127.0.0.1', 57980)
Traceback (most recent call last):
  File "C:\Program Files\Python314\Lib\socketserver.py", line 697, in process_request_thread
    self.finish_request(request, client_address)
    ~~~~~~~~~~~~~~~~~~~^^^^^^^^^^^^^^^^^^^^^^^^^
  File "C:\Program Files\Python314\Lib\http\server.py", line 1400, in finish_request
    self.RequestHandlerClass(request, client_address, self,
    ~~~~~~~~~~~~~~~~~~~~~~~~^^^^^^^^^^^^^^^^^^^^^^^^^^^^^^^
                             directory=args.directory)
                             ^^^^^^^^^^^^^^^^^^^^^^^^^
  File "C:\Program Files\Python314\Lib\http\server.py", line 721, in __init__
    super().__init__(*args, **kwargs)
    ~~~~~~~~~~~~~~~~^^^^^^^^^^^^^^^^^
  File "C:\Program Files\Python314\Lib\socketserver.py", line 766, in __init__
    self.handle()
    ~~~~~~~~~~~^^
  File "C:\Program Files\Python314\Lib\http\server.py", line 485, in handle
    self.handle_one_request()
    ~~~~~~~~~~~~~~~~~~~~~~~^^
  File "C:\Program Files\Python314\Lib\http\server.py", line 473, in handle_one_request
    method()
    ~~~~~~^^
  File "C:\Program Files\Python314\Lib\http\server.py", line 728, in do_GET
    self.copyfile(f, self.wfile)
    ~~~~~~~~~~~~~^^^^^^^^^^^^^^^
  File "C:\Program Files\Python314\Lib\http\server.py", line 931, in copyfile
    shutil.copyfileobj(source, outputfile)
    ~~~~~~~~~~~~~~~~~~^^^^^^^^^^^^^^^^^^^^
  File "C:\Program Files\Python314\Lib\shutil.py", line 257, in copyfileobj
    fdst_write(buf)
    ~~~~~~~~~~^^^^^
  File "C:\Program Files\Python314\Lib\socketserver.py", line 845, in write
    self._sock.sendall(b)
    ~~~~~~~~~~~~~~~~~~^^^
ConnectionResetError: [WinError 10054] An existing connection was forcibly closed by the remote host
----------------------------------------
----------------------------------------
Exception occurred during processing of request from ('127.0.0.1', 51045)
Traceback (most recent call last):
  File "C:\Program Files\Python314\Lib\socketserver.py", line 697, in process_request_thread
    self.finish_request(request, client_address)
    ~~~~~~~~~~~~~~~~~~~^^^^^^^^^^^^^^^^^^^^^^^^^
  File "C:\Program Files\Python314\Lib\http\server.py", line 1400, in finish_request
    self.RequestHandlerClass(request, client_address, self,
    ~~~~~~~~~~~~~~~~~~~~~~~~^^^^^^^^^^^^^^^^^^^^^^^^^^^^^^^
                             directory=args.directory)
                             ^^^^^^^^^^^^^^^^^^^^^^^^^
  File "C:\Program Files\Python314\Lib\http\server.py", line 721, in __init__
    super().__init__(*args, **kwargs)
    ~~~~~~~~~~~~~~~~^^^^^^^^^^^^^^^^^
  File "C:\Program Files\Python314\Lib\socketserver.py", line 766, in __init__
    self.handle()
    ~~~~~~~~~~~^^
  File "C:\Program Files\Python314\Lib\http\server.py", line 485, in handle
    self.handle_one_request()
    ~~~~~~~~~~~~~~~~~~~~~~~^^
  File "C:\Program Files\Python314\Lib\http\server.py", line 473, in handle_one_request
    method()
    ~~~~~~^^
  File "C:\Program Files\Python314\Lib\http\server.py", line 728, in do_GET
    self.copyfile(f, self.wfile)
    ~~~~~~~~~~~~~^^^^^^^^^^^^^^^
  File "C:\Program Files\Python314\Lib\http\server.py", line 931, in copyfile
    shutil.copyfileobj(source, outputfile)
    ~~~~~~~~~~~~~~~~~~^^^^^^^^^^^^^^^^^^^^
  File "C:\Program Files\Python314\Lib\shutil.py", line 257, in copyfileobj
    fdst_write(buf)
    ~~~~~~~~~~^^^^^
  File "C:\Program Files\Python314\Lib\socketserver.py", line 845, in write
    self._sock.sendall(b)
    ~~~~~~~~~~~~~~~~~~^^^
ConnectionAbortedError: [WinError 10053] An established connection was aborted by the software in your host machine
----------------------------------------
127.0.0.1 - - [28/Jul/2026 12:53:43] "GET /assets/pizza-making.mp4 HTTP/1.1" 200 -
127.0.0.1 - - [28/Jul/2026 12:54:15] "GET /assets/pizza-making.mp4 HTTP/1.1" 200 -
----------------------------------------
127.0.0.1 - - [28/Jul/2026 12:54:15] "GET /assets/pizza-making.mp4 HTTP/1.1" 200 -
Exception occurred during processing of request from ('127.0.0.1', 56937)
Traceback (most recent call last):
  File "C:\Program Files\Python314\Lib\socketserver.py", line 697, in process_request_thread
    self.finish_request(request, client_address)
    ~~~~~~~~~~~~~~~~~~~^^^^^^^^^^^^^^^^^^^^^^^^^
  File "C:\Program Files\Python314\Lib\http\server.py", line 1400, in finish_request
    self.RequestHandlerClass(request, client_address, self,
    ~~~~~~~~~~~~~~~~~~~~~~~~^^^^^^^^^^^^^^^^^^^^^^^^^^^^^^^
                             directory=args.directory)
                             ^^^^^^^^^^^^^^^^^^^^^^^^^
  File "C:\Program Files\Python314\Lib\http\server.py", line 721, in __init__
    super().__init__(*args, **kwargs)
    ~~~~~~~~~~~~~~~~^^^^^^^^^^^^^^^^^
  File "C:\Program Files\Python314\Lib\socketserver.py", line 766, in __init__
    self.handle()
    ~~~~~~~~~~~^^
  File "C:\Program Files\Python314\Lib\http\server.py", line 485, in handle
    self.handle_one_request()
    ~~~~~~~~~~~~~~~~~~~~~~~^^
  File "C:\Program Files\Python314\Lib\http\server.py", line 473, in handle_one_request
    method()
    ~~~~~~^^
  File "C:\Program Files\Python314\Lib\http\server.py", line 728, in do_GET
    self.copyfile(f, self.wfile)
    ~~~~~~~~~~~~~^^^^^^^^^^^^^^^
  File "C:\Program Files\Python314\Lib\http\server.py", line 931, in copyfile
    shutil.copyfileobj(source, outputfile)
    ~~~~~~~~~~~~~~~~~~^^^^^^^^^^^^^^^^^^^^
  File "C:\Program Files\Python314\Lib\shutil.py", line 257, in copyfileobj
    fdst_write(buf)
    ~~~~~~~~~~^^^^^
  File "C:\Program Files\Python314\Lib\socketserver.py", line 845, in write
    self._sock.sendall(b)
    ~~~~~~~~~~~~~~~~~~^^^
ConnectionAbortedError: [WinError 10053] An established connection was aborted by the software in your host machine
----------------------------------------
----------------------------------------
Exception occurred during processing of request from ('127.0.0.1', 60093)
Traceback (most recent call last):
  File "C:\Program Files\Python314\Lib\socketserver.py", line 697, in process_request_thread
    self.finish_request(request, client_address)
    ~~~~~~~~~~~~~~~~~~~^^^^^^^^^^^^^^^^^^^^^^^^^
  File "C:\Program Files\Python314\Lib\http\server.py", line 1400, in finish_request
    self.RequestHandlerClass(request, client_address, self,
    ~~~~~~~~~~~~~~~~~~~~~~~~^^^^^^^^^^^^^^^^^^^^^^^^^^^^^^^
                             directory=args.directory)
                             ^^^^^^^^^^^^^^^^^^^^^^^^^
  File "C:\Program Files\Python314\Lib\http\server.py", line 721, in __init__
    super().__init__(*args, **kwargs)
    ~~~~~~~~~~~~~~~~^^^^^^^^^^^^^^^^^
  File "C:\Program Files\Python314\Lib\socketserver.py", line 766, in __init__
    self.handle()
    ~~~~~~~~~~~^^
  File "C:\Program Files\Python314\Lib\http\server.py", line 485, in handle
    self.handle_one_request()
    ~~~~~~~~~~~~~~~~~~~~~~~^^
  File "C:\Program Files\Python314\Lib\http\server.py", line 473, in handle_one_request
    method()
    ~~~~~~^^
  File "C:\Program Files\Python314\Lib\http\server.py", line 728, in do_GET
    self.copyfile(f, self.wfile)
    ~~~~~~~~~~~~~^^^^^^^^^^^^^^^
  File "C:\Program Files\Python314\Lib\http\server.py", line 931, in copyfile
    shutil.copyfileobj(source, outputfile)
    ~~~~~~~~~~~~~~~~~~^^^^^^^^^^^^^^^^^^^^
  File "C:\Program Files\Python314\Lib\shutil.py", line 257, in copyfileobj
    fdst_write(buf)
    ~~~~~~~~~~^^^^^
  File "C:\Program Files\Python314\Lib\socketserver.py", line 845, in write
    self._sock.sendall(b)
    ~~~~~~~~~~~~~~~~~~^^^
ConnectionResetError: [WinError 10054] An existing connection was forcibly closed by the remote host
----------------------------------------
127.0.0.1 - - [28/Jul/2026 12:54:24] "GET /assets/pizza-making.mp4 HTTP/1.1" 200 -
127.0.0.1 - - [28/Jul/2026 12:54:56] "GET /assets/pizza-making.mp4 HTTP/1.1" 200 -
127.0.0.1 - - [28/Jul/2026 12:54:56] "GET /assets/pizza-making.mp4 HTTP/1.1" 200 -
----------------------------------------
Exception occurred during processing of request from ('127.0.0.1', 56136)
Traceback (most recent call last):
  File "C:\Program Files\Python314\Lib\socketserver.py", line 697, in process_request_thread
    self.finish_request(request, client_address)
    ~~~~~~~~~~~~~~~~~~~^^^^^^^^^^^^^^^^^^^^^^^^^
  File "C:\Program Files\Python314\Lib\http\server.py", line 1400, in finish_request
    self.RequestHandlerClass(request, client_address, self,
    ~~~~~~~~~~~~~~~~~~~~~~~~^^^^^^^^^^^^^^^^^^^^^^^^^^^^^^^
                             directory=args.directory)
                             ^^^^^^^^^^^^^^^^^^^^^^^^^
  File "C:\Program Files\Python314\Lib\http\server.py", line 721, in __init__
    super().__init__(*args, **kwargs)
    ~~~~~~~~~~~~~~~~^^^^^^^^^^^^^^^^^
  File "C:\Program Files\Python314\Lib\socketserver.py", line 766, in __init__
    self.handle()
    ~~~~~~~~~~~^^
  File "C:\Program Files\Python314\Lib\http\server.py", line 485, in handle
    self.handle_one_request()
    ~~~~~~~~~~~~~~~~~~~~~~~^^
  File "C:\Program Files\Python314\Lib\http\server.py", line 473, in handle_one_request
    method()
    ~~~~~~^^
  File "C:\Program Files\Python314\Lib\http\server.py", line 728, in do_GET
    self.copyfile(f, self.wfile)
    ~~~~~~~~~~~~~^^^^^^^^^^^^^^^
  File "C:\Program Files\Python314\Lib\http\server.py", line 931, in copyfile
    shutil.copyfileobj(source, outputfile)
    ~~~~~~~~~~~~~~~~~~^^^^^^^^^^^^^^^^^^^^
  File "C:\Program Files\Python314\Lib\shutil.py", line 257, in copyfileobj
    fdst_write(buf)
    ~~~~~~~~~~^^^^^
  File "C:\Program Files\Python314\Lib\socketserver.py", line 845, in write
    self._sock.sendall(b)
    ~~~~~~~~~~~~~~~~~~^^^
ConnectionResetError: [WinError 10054] An existing connection was forcibly closed by the remote host
----------------------------------------
----------------------------------------
Exception occurred during processing of request from ('127.0.0.1', 49328)
Traceback (most recent call last):
  File "C:\Program Files\Python314\Lib\socketserver.py", line 697, in process_request_thread
    self.finish_request(request, client_address)
    ~~~~~~~~~~~~~~~~~~~^^^^^^^^^^^^^^^^^^^^^^^^^
  File "C:\Program Files\Python314\Lib\http\server.py", line 1400, in finish_request
    self.RequestHandlerClass(request, client_address, self,
    ~~~~~~~~~~~~~~~~~~~~~~~~^^^^^^^^^^^^^^^^^^^^^^^^^^^^^^^
                             directory=args.directory)
                             ^^^^^^^^^^^^^^^^^^^^^^^^^
  File "C:\Program Files\Python314\Lib\http\server.py", line 721, in __init__
    super().__init__(*args, **kwargs)
    ~~~~~~~~~~~~~~~~^^^^^^^^^^^^^^^^^
  File "C:\Program Files\Python314\Lib\socketserver.py", line 766, in __init__
    self.handle()
    ~~~~~~~~~~~^^
  File "C:\Program Files\Python314\Lib\http\server.py", line 485, in handle
    self.handle_one_request()
    ~~~~~~~~~~~~~~~~~~~~~~~^^
  File "C:\Program Files\Python314\Lib\http\server.py", line 473, in handle_one_request
    method()
    ~~~~~~^^
  File "C:\Program Files\Python314\Lib\http\server.py", line 728, in do_GET
    self.copyfile(f, self.wfile)
    ~~~~~~~~~~~~~^^^^^^^^^^^^^^^
  File "C:\Program Files\Python314\Lib\http\server.py", line 931, in copyfile
    shutil.copyfileobj(source, outputfile)
    ~~~~~~~~~~~~~~~~~~^^^^^^^^^^^^^^^^^^^^
  File "C:\Program Files\Python314\Lib\shutil.py", line 257, in copyfileobj
    fdst_write(buf)
    ~~~~~~~~~~^^^^^
  File "C:\Program Files\Python314\Lib\socketserver.py", line 845, in write
    self._sock.sendall(b)
    ~~~~~~~~~~~~~~~~~~^^^
ConnectionAbortedError: [WinError 10053] An established connection was aborted by the software in your host machine
----------------------------------------
127.0.0.1 - - [28/Jul/2026 12:55:05] "GET /assets/pizza-making.mp4 HTTP/1.1" 200 -
127.0.0.1 - - [28/Jul/2026 12:55:36] "GET /assets/pizza-making.mp4 HTTP/1.1" 200 -
----------------------------------------
127.0.0.1 - - [28/Jul/2026 12:55:36] "GET /assets/pizza-making.mp4 HTTP/1.1" 200 -
Exception occurred during processing of request from ('127.0.0.1', 60965)
Traceback (most recent call last):
  File "C:\Program Files\Python314\Lib\socketserver.py", line 697, in process_request_thread
    self.finish_request(request, client_address)
    ~~~~~~~~~~~~~~~~~~~^^^^^^^^^^^^^^^^^^^^^^^^^
  File "C:\Program Files\Python314\Lib\http\server.py", line 1400, in finish_request
    self.RequestHandlerClass(request, client_address, self,
    ~~~~~~~~~~~~~~~~~~~~~~~~^^^^^^^^^^^^^^^^^^^^^^^^^^^^^^^
                             directory=args.directory)
                             ^^^^^^^^^^^^^^^^^^^^^^^^^
  File "C:\Program Files\Python314\Lib\http\server.py", line 721, in __init__
    super().__init__(*args, **kwargs)
    ~~~~~~~~~~~~~~~~^^^^^^^^^^^^^^^^^
  File "C:\Program Files\Python314\Lib\socketserver.py", line 766, in __init__
    self.handle()
    ~~~~~~~~~~~^^
  File "C:\Program Files\Python314\Lib\http\server.py", line 485, in handle
    self.handle_one_request()
    ~~~~~~~~~~~~~~~~~~~~~~~^^
  File "C:\Program Files\Python314\Lib\http\server.py", line 473, in handle_one_request
    method()
    ~~~~~~^^
  File "C:\Program Files\Python314\Lib\http\server.py", line 728, in do_GET
    self.copyfile(f, self.wfile)
    ~~~~~~~~~~~~~^^^^^^^^^^^^^^^
  File "C:\Program Files\Python314\Lib\http\server.py", line 931, in copyfile
    shutil.copyfileobj(source, outputfile)
    ~~~~~~~~~~~~~~~~~~^^^^^^^^^^^^^^^^^^^^
  File "C:\Program Files\Python314\Lib\shutil.py", line 257, in copyfileobj
    fdst_write(buf)
    ~~~~~~~~~~^^^^^
  File "C:\Program Files\Python314\Lib\socketserver.py", line 845, in write
    self._sock.sendall(b)
    ~~~~~~~~~~~~~~~~~~^^^
ConnectionAbortedError: [WinError 10053] An established connection was aborted by the software in your host machine
----------------------------------------
----------------------------------------
Exception occurred during processing of request from ('127.0.0.1', 56157)
Traceback (most recent call last):
  File "C:\Program Files\Python314\Lib\socketserver.py", line 697, in process_request_thread
    self.finish_request(request, client_address)
    ~~~~~~~~~~~~~~~~~~~^^^^^^^^^^^^^^^^^^^^^^^^^
  File "C:\Program Files\Python314\Lib\http\server.py", line 1400, in finish_request
    self.RequestHandlerClass(request, client_address, self,
    ~~~~~~~~~~~~~~~~~~~~~~~~^^^^^^^^^^^^^^^^^^^^^^^^^^^^^^^
                             directory=args.directory)
                             ^^^^^^^^^^^^^^^^^^^^^^^^^
  File "C:\Program Files\Python314\Lib\http\server.py", line 721, in __init__
    super().__init__(*args, **kwargs)
    ~~~~~~~~~~~~~~~~^^^^^^^^^^^^^^^^^
  File "C:\Program Files\Python314\Lib\socketserver.py", line 766, in __init__
    self.handle()
    ~~~~~~~~~~~^^
  File "C:\Program Files\Python314\Lib\http\server.py", line 485, in handle
    self.handle_one_request()
    ~~~~~~~~~~~~~~~~~~~~~~~^^
  File "C:\Program Files\Python314\Lib\http\server.py", line 473, in handle_one_request
    method()
    ~~~~~~^^
  File "C:\Program Files\Python314\Lib\http\server.py", line 728, in do_GET
    self.copyfile(f, self.wfile)
    ~~~~~~~~~~~~~^^^^^^^^^^^^^^^
  File "C:\Program Files\Python314\Lib\http\server.py", line 931, in copyfile
    shutil.copyfileobj(source, outputfile)
    ~~~~~~~~~~~~~~~~~~^^^^^^^^^^^^^^^^^^^^
  File "C:\Program Files\Python314\Lib\shutil.py", line 257, in copyfileobj
    fdst_write(buf)
    ~~~~~~~~~~^^^^^
  File "C:\Program Files\Python314\Lib\socketserver.py", line 845, in write
    self._sock.sendall(b)
    ~~~~~~~~~~~~~~~~~~^^^
ConnectionAbortedError: [WinError 10053] An established connection was aborted by the software in your host machine
----------------------------------------
127.0.0.1 - - [28/Jul/2026 12:55:46] "GET /assets/pizza-making.mp4 HTTP/1.1" 200 -
127.0.0.1 - - [28/Jul/2026 12:56:17] "GET /assets/pizza-making.mp4 HTTP/1.1" 200 -
----------------------------------------
127.0.0.1 - - [28/Jul/2026 12:56:17] "GET /assets/pizza-making.mp4 HTTP/1.1" 200 -
Exception occurred during processing of request from ('127.0.0.1', 50790)
Traceback (most recent call last):
  File "C:\Program Files\Python314\Lib\socketserver.py", line 697, in process_request_thread
    self.finish_request(request, client_address)
    ~~~~~~~~~~~~~~~~~~~^^^^^^^^^^^^^^^^^^^^^^^^^
  File "C:\Program Files\Python314\Lib\http\server.py", line 1400, in finish_request
    self.RequestHandlerClass(request, client_address, self,
    ~~~~~~~~~~~~~~~~~~~~~~~~^^^^^^^^^^^^^^^^^^^^^^^^^^^^^^^
                             directory=args.directory)
                             ^^^^^^^^^^^^^^^^^^^^^^^^^
  File "C:\Program Files\Python314\Lib\http\server.py", line 721, in __init__
    super().__init__(*args, **kwargs)
    ~~~~~~~~~~~~~~~~^^^^^^^^^^^^^^^^^
  File "C:\Program Files\Python314\Lib\socketserver.py", line 766, in __init__
    self.handle()
    ~~~~~~~~~~~^^
  File "C:\Program Files\Python314\Lib\http\server.py", line 485, in handle
    self.handle_one_request()
    ~~~~~~~~~~~~~~~~~~~~~~~^^
  File "C:\Program Files\Python314\Lib\http\server.py", line 473, in handle_one_request
    method()
    ~~~~~~^^
  File "C:\Program Files\Python314\Lib\http\server.py", line 728, in do_GET
    self.copyfile(f, self.wfile)
    ~~~~~~~~~~~~~^^^^^^^^^^^^^^^
  File "C:\Program Files\Python314\Lib\http\server.py", line 931, in copyfile
    shutil.copyfileobj(source, outputfile)
    ~~~~~~~~~~~~~~~~~~^^^^^^^^^^^^^^^^^^^^
  File "C:\Program Files\Python314\Lib\shutil.py", line 257, in copyfileobj
    fdst_write(buf)
    ~~~~~~~~~~^^^^^
  File "C:\Program Files\Python314\Lib\socketserver.py", line 845, in write
    self._sock.sendall(b)
    ~~~~~~~~~~~~~~~~~~^^^
ConnectionResetError: [WinError 10054] An existing connection was forcibly closed by the remote host
----------------------------------------
127.0.0.1 - - [28/Jul/2026 12:56:58] "GET /assets/pizza-making.mp4 HTTP/1.1" 200 -
----------------------------------------
127.0.0.1 - - [28/Jul/2026 12:56:58] "GET /assets/pizza-making.mp4 HTTP/1.1" 200 -
Exception occurred during processing of request from ('127.0.0.1', 54349)
Traceback (most recent call last):
  File "C:\Program Files\Python314\Lib\socketserver.py", line 697, in process_request_thread
    self.finish_request(request, client_address)
    ~~~~~~~~~~~~~~~~~~~^^^^^^^^^^^^^^^^^^^^^^^^^
  File "C:\Program Files\Python314\Lib\http\server.py", line 1400, in finish_request
    self.RequestHandlerClass(request, client_address, self,
    ~~~~~~~~~~~~~~~~~~~~~~~~^^^^^^^^^^^^^^^^^^^^^^^^^^^^^^^
                             directory=args.directory)
                             ^^^^^^^^^^^^^^^^^^^^^^^^^
  File "C:\Program Files\Python314\Lib\http\server.py", line 721, in __init__
    super().__init__(*args, **kwargs)
    ~~~~~~~~~~~~~~~~^^^^^^^^^^^^^^^^^
  File "C:\Program Files\Python314\Lib\socketserver.py", line 766, in __init__
    self.handle()
    ~~~~~~~~~~~^^
  File "C:\Program Files\Python314\Lib\http\server.py", line 485, in handle
    self.handle_one_request()
    ~~~~~~~~~~~~~~~~~~~~~~~^^
  File "C:\Program Files\Python314\Lib\http\server.py", line 473, in handle_one_request
    method()
    ~~~~~~^^
  File "C:\Program Files\Python314\Lib\http\server.py", line 728, in do_GET
    self.copyfile(f, self.wfile)
    ~~~~~~~~~~~~~^^^^^^^^^^^^^^^
  File "C:\Program Files\Python314\Lib\http\server.py", line 931, in copyfile
    shutil.copyfileobj(source, outputfile)
    ~~~~~~~~~~~~~~~~~~^^^^^^^^^^^^^^^^^^^^
  File "C:\Program Files\Python314\Lib\shutil.py", line 257, in copyfileobj
    fdst_write(buf)
    ~~~~~~~~~~^^^^^
  File "C:\Program Files\Python314\Lib\socketserver.py", line 845, in write
    self._sock.sendall(b)
    ~~~~~~~~~~~~~~~~~~^^^
ConnectionAbortedError: [WinError 10053] An established connection was aborted by the software in your host machine
----------------------------------------
----------------------------------------
Exception occurred during processing of request from ('127.0.0.1', 61839)
Traceback (most recent call last):
  File "C:\Program Files\Python314\Lib\socketserver.py", line 697, in process_request_thread
    self.finish_request(request, client_address)
    ~~~~~~~~~~~~~~~~~~~^^^^^^^^^^^^^^^^^^^^^^^^^
  File "C:\Program Files\Python314\Lib\http\server.py", line 1400, in finish_request
    self.RequestHandlerClass(request, client_address, self,
    ~~~~~~~~~~~~~~~~~~~~~~~~^^^^^^^^^^^^^^^^^^^^^^^^^^^^^^^
                             directory=args.directory)
                             ^^^^^^^^^^^^^^^^^^^^^^^^^
  File "C:\Program Files\Python314\Lib\http\server.py", line 721, in __init__
    super().__init__(*args, **kwargs)
    ~~~~~~~~~~~~~~~~^^^^^^^^^^^^^^^^^
  File "C:\Program Files\Python314\Lib\socketserver.py", line 766, in __init__
    self.handle()
    ~~~~~~~~~~~^^
  File "C:\Program Files\Python314\Lib\http\server.py", line 485, in handle
    self.handle_one_request()
    ~~~~~~~~~~~~~~~~~~~~~~~^^
  File "C:\Program Files\Python314\Lib\http\server.py", line 473, in handle_one_request
    method()
    ~~~~~~^^
  File "C:\Program Files\Python314\Lib\http\server.py", line 728, in do_GET
    self.copyfile(f, self.wfile)
    ~~~~~~~~~~~~~^^^^^^^^^^^^^^^
  File "C:\Program Files\Python314\Lib\http\server.py", line 931, in copyfile
    shutil.copyfileobj(source, outputfile)
    ~~~~~~~~~~~~~~~~~~^^^^^^^^^^^^^^^^^^^^
  File "C:\Program Files\Python314\Lib\shutil.py", line 257, in copyfileobj
    fdst_write(buf)
    ~~~~~~~~~~^^^^^
  File "C:\Program Files\Python314\Lib\socketserver.py", line 845, in write
    self._sock.sendall(b)
    ~~~~~~~~~~~~~~~~~~^^^
ConnectionResetError: [WinError 10054] An existing connection was forcibly closed by the remote host
----------------------------------------
127.0.0.1 - - [28/Jul/2026 15:44:35] "GET /menu.html?v=20260605-2 HTTP/1.1" 304 -
127.0.0.1 - - [28/Jul/2026 15:44:35] "GET /assets/house-pie.png HTTP/1.1" 304 -
